File Exported by Q - (c) 2009 Affectiva Inc.,,,,
File Version: 1.01,,,,
Firmware Version: 1.81,,,,
UUID: AQL1113206T,,,,
Sampling Rate: 16,,,,
Start Time: 2020-02-27 13:46:20 Offset:-05,,,,
Z-axis,Y-axis,X-axis,Temperature Celsius,EDA(uS)
---------------------------------------------------------,,,,
0.03,0.13,-0.81,33.1,0
0.03,0.14,-0.81,33.1,0
0.03,0.14,-0.82,33.1,0
0.03,0.14,-0.82,33.1,0
0.03,0.14,-0.81,33.3,0
0.03,0.14,-0.81,32.9,0
0.03,0.14,-0.82,32.9,0
0.03,0.14,-0.81,32.9,0
0.03,0.14,-0.81,32.9,0
0.03,0.14,-0.81,32.9,0
0.03,0.14,-0.82,32.9,0
0.03,0.14,-0.81,32.9,0
0.03,0.14,-0.82,32.6,0
0.03,0.14,-0.82,32.9,0
0.03,0.14,-0.81,32.9,0
0.03,0.14,-0.81,32.9,0
0.03,0.14,-0.81,32.9,0
0.03,0.14,-0.81,32.9,0
0.03,0.14,-0.82,32.9,0
0.03,0.14,-0.81,32.9,0
0.03,0.15,-0.81,32.9,0
0.03,0.14,-0.82,32.9,0
0.03,0.15,-0.82,32.9,0
0.03,0.14,-0.81,32.9,0
0.03,0.14,-0.82,32.9,0
0.03,0.14,-0.81,32.9,0
0.03,0.14,-0.81,32.9,0
0.03,0.14,-0.81,32.9,0
0.03,0.14,-0.82,32.9,0
0.03,0.14,-0.81,32.9,0
0.03,0.14,-0.81,32.9,0
0.03,0.14,-0.82,32.9,0
0.03,0.14,-0.82,32.9,0
0.03,0.14,-0.81,32.9,0
0.03,0.14,-0.82,32.9,0
0.03,0.14,-0.82,32.9,0
0.03,0.15,-0.81,32.9,0
0.03,0.15,-0.82,32.9,0
0.03,0.14,-0.81,32.9,0
0.03,0.14,-0.82,32.9,0
0.03,0.14,-0.81,32.9,0
0.03,0.14,-0.82,32.9,0
0.03,0.14,-0.81,32.9,0
0.03,0.14,-0.81,32.9,0
0.03,0.14,-0.82,32.9,0
0.03,0.14,-0.82,32.9,0
0.03,0.14,-0.82,32.9,0
0.03,0.14,-0.81,32.9,0
0.03,0.14,-0.82,32.9,0
0.03,0.14,-0.81,32.9,0
0.03,0.15,-0.82,32.9,0
0.03,0.14,-0.81,32.9,0
0.03,0.14,-0.81,32.6,0
0.03,0.14,-0.81,32.9,0
0.03,0.14,-0.82,32.9,0
0.03,0.14,-0.81,32.9,0
0.03,0.14,-0.82,32.9,0
0.03,0.14,-0.82,32.9,0
0.03,0.14,-0.82,32.9,0
0.03,0.14,-0.81,32.9,0
0.03,0.14,-0.82,32.9,0
0.03,0.14,-0.81,32.9,0
0.03,0.14,-0.81,32.9,0
0.03,0.14,-0.82,32.9,0
0.03,0.14,-0.82,32.9,0
0.03,0.15,-0.81,32.9,0
0.03,0.14,-0.82,32.9,0
0.03,0.15,-0.81,32.9,0
0.03,0.14,-0.81,32.9,0
0.03,0.14,-0.82,32.9,0
0.03,0.14,-0.82,32.9,0
0.03,0.14,-0.82,32.6,0
0.03,0.15,-0.82,32.9,0
0.03,0.15,-0.82,32.9,0
0.03,0.14,-0.81,32.9,0
0.03,0.15,-0.81,32.9,0
0.03,0.14,-0.81,32.6,0
0.03,0.14,-0.81,32.9,0
0.03,0.14,-0.81,32.9,0
0.03,0.14,-0.82,32.6,0
0.03,0.15,-0.81,32.9,0
0.03,0.14,-0.82,32.6,0
0.03,0.14,-0.81,32.9,0
0.03,0.14,-0.81,32.9,0
0.03,0.14,-0.81,32.6,0
0.03,0.14,-0.81,32.9,0
0.03,0.14,-0.81,32.9,0
0.03,0.14,-0.82,32.9,0
0.03,0.14,-0.81,32.6,0
0.03,0.14,-0.82,32.9,0
0.03,0.14,-0.82,32.9,0
0.03,0.14,-0.81,32.9,0
0.03,0.15,-0.81,32.9,0
0.03,0.15,-0.82,32.9,0
0.03,0.14,-0.82,32.9,0
0.03,0.14,-0.81,32.9,0
0.03,0.14,-0.82,32.9,0
0.03,0.14,-0.81,32.9,0
0.03,0.14,-0.81,32.6,0
0.03,0.14,-0.82,32.9,0
0.03,0.14,-0.82,32.9,0
0.03,0.14,-0.82,32.9,0
0.03,0.14,-0.82,32.9,0
0.03,0.13,-0.81,32.6,0
0.03,0.14,-0.81,32.9,0
0.03,0.14,-0.81,32.9,0
0.03,0.14,-0.81,32.9,0
0.03,0.14,-0.82,32.9,0
0.03,0.14,-0.82,32.6,0
0.03,0.15,-0.81,32.9,0
0.03,0.14,-0.81,32.9,0
0.03,0.14,-0.82,32.9,0
0.03,0.14,-0.82,32.9,0
0.03,0.14,-0.81,32.9,0
0.03,0.14,-0.81,32.9,0
0.03,0.14,-0.81,32.9,0
0.03,0.14,-0.82,32.9,0
0.03,0.14,-0.82,32.9,0
0.03,0.14,-0.81,32.9,0
0.03,0.14,-0.82,32.9,0
0.03,0.14,-0.82,32.9,0
0.03,0.14,-0.81,32.9,0
0.03,0.14,-0.82,32.6,0
0.03,0.15,-0.81,32.9,0
0.03,0.14,-0.82,32.9,0
0.03,0.14,-0.81,32.6,0
0.03,0.14,-0.81,32.9,0
0.03,0.15,-0.81,32.9,0
0.03,0.14,-0.82,32.9,0
0.03,0.14,-0.81,32.9,0
0.03,0.14,-0.82,32.9,0
0.03,0.14,-0.81,32.9,0
0.03,0.14,-0.81,32.9,0
0.03,0.14,-0.82,32.9,0
0.03,0.14,-0.81,32.6,0
0.03,0.14,-0.82,32.6,0
0.03,0.15,-0.81,32.9,0
0.03,0.14,-0.81,32.9,0
0.03,0.14,-0.81,32.9,0
0.03,0.14,-0.81,32.9,0
0.03,0.14,-0.81,32.9,0
0.03,0.14,-0.81,32.9,0
0.03,0.14,-0.81,32.9,0
0.03,0.14,-0.81,32.9,0
0.03,0.14,-0.82,32.9,0
0.03,0.14,-0.81,32.6,0
0,0.17,-0.9,32.9,0
-0.15,0.23,-0.52,32.9,0
0.26,0.32,-0.99,32.9,0
0.51,0.34,-0.94,32.9,0
0.63,0.39,-1.05,32.9,0
0.5,0.48,-0.65,32.9,0
0.32,0.18,-0.51,32.9,0
0.23,0.15,-0.52,32.6,0
0.75,0.11,-0.28,32.9,0
0.16,0.28,0.32,32.9,0
0.53,0.21,0.12,32.6,0
0.05,0.02,-0.05,32.9,0
0.51,-0.89,-0.41,32.9,0
-0.43,0.21,0.43,32.9,0
-0.31,0.09,0.46,32.9,0
-0.19,0.1,0.02,32.9,0
0.08,0.28,0.36,32.6,0
0.99,0.94,-0.65,32.6,0
-0.54,-1.4,0,32.9,0
-0.08,0.34,0.51,32.9,0
0.11,0.02,0.34,32.9,0
0,-0.02,0.1,32.9,0
0,-0.03,-0.23,32.9,0
-0.66,0.12,0.26,32.9,0
-0.22,0.11,-0.22,32.9,0
2.38,-1.95,0.32,32.9,0
1.34,-0.2,-0.17,32.9,0
-0.06,0.36,-1.83,32.9,0
-0.28,0.05,-0.56,32.9,0
0.12,0.02,-0.83,32.9,0
0,0.1,-0.82,32.9,0
0,0.1,-0.83,32.9,0
0,0.09,-0.82,32.9,0
0,0.1,-0.82,32.9,0
-0.01,0.1,-0.82,32.9,0
-0.06,0.05,-0.85,32.9,0
0,-0.04,-0.8,32.6,0
-0.08,-0.01,0.05,32.6,0
0.72,-1.14,-0.02,32.9,0
-0.27,-0.22,-1.47,32.6,0
-0.45,0.22,1.37,32.9,0
0.11,0.07,0.09,32.9,0
-0.03,-1.35,-0.88,32.9,0
-0.09,-1.28,1.06,32.9,0
-0.28,-1.4,-0.14,32.6,0
-0.26,-0.7,0.01,32.9,0
-0.21,-0.87,0.68,32.9,0
0.13,-1.34,-0.88,32.6,0
-0.01,-1.92,0.96,32.9,0
0.26,-1.98,-0.5,32.9,0
-0.01,-1.35,0.7,32.6,0
-0.04,-0.7,-0.2,32.9,0
-0.01,-0.43,0.68,32.6,0
0.88,-0.5,-2.99,32.9,0
0.23,-1.48,2.23,32.6,0
0.47,-0.98,-0.61,32.9,0
0.2,-0.6,0.7,32.9,0
0.35,-0.8,0.74,32.6,0
-0.06,-1.37,-0.34,32.9,0
-0.66,-1,1.05,32.9,0
0,-0.87,-0.2,32.9,0
0.09,-0.42,-0.22,32.9,0
0.14,-1.15,0.37,32.9,0
0.02,-1.36,0.08,32.9,0
0.03,-0.86,0.14,32.6,0
-0.05,-0.64,0.35,32.9,0
-0.07,-0.5,0.35,32.6,0
-0.21,-0.58,0.58,32.9,0
-0.2,0.5,-0.72,32.9,0
-0.03,-0.79,0.51,32.9,0
-0.01,-0.11,0.41,32.9,0
0.28,-0.37,1.31,32.9,0
-0.17,-0.27,0.97,32.6,0
-0.08,-0.21,1.18,32.6,0
-0.07,-0.21,1.17,32.9,0
-0.09,-0.2,1.21,32.6,0
-0.08,-0.21,1.16,32.6,0
-0.08,-0.2,1.19,32.6,0
-0.08,-0.21,1.18,32.9,0
-0.08,-0.21,1.18,32.9,0
-0.08,-0.21,1.18,32.9,0
-0.08,-0.21,1.19,32.6,0
-0.08,-0.21,1.18,32.6,0
-0.08,-0.2,1.18,32.6,0
-0.08,-0.21,1.18,32.6,0
-0.08,-0.21,1.18,32.6,0
-0.08,-0.2,1.18,32.6,0
-0.08,-0.21,1.18,32.6,0
-0.08,-0.2,1.19,32.6,0
-0.08,-0.21,1.19,32.6,0
-0.08,-0.21,1.19,32.6,0
-0.08,-0.21,1.18,32.6,0
-0.08,-0.21,1.19,32.9,0
-0.08,-0.21,1.19,32.9,0
-0.08,-0.21,1.18,32.6,0
-0.08,-0.21,1.18,32.6,0
-0.08,-0.21,1.18,32.6,0
-0.08,-0.21,1.18,32.6,0
-0.09,-0.21,1.19,32.6,0
-0.07,-0.2,1.18,32.9,0
-0.08,-0.21,1.18,32.6,0
-0.08,-0.21,1.18,32.9,0
-0.08,-0.21,1.19,32.6,0
-0.08,-0.21,1.18,32.6,0
-0.08,-0.21,1.19,32.6,0
-0.08,-0.21,1.18,32.6,0
-0.08,-0.21,1.19,32.6,0
-0.08,-0.21,1.18,32.6,0
-0.08,-0.21,1.19,32.9,0
-0.08,-0.21,1.19,32.9,0
-0.08,-0.21,1.18,32.6,0
-0.08,-0.21,1.18,32.6,0
-0.08,-0.2,1.18,32.6,0
-0.08,-0.21,1.18,32.6,0
-0.08,-0.21,1.18,32.9,0
-0.08,-0.21,1.18,32.6,0
-0.08,-0.2,1.18,32.6,0
-0.08,-0.21,1.19,32.9,0
-0.08,-0.21,1.18,32.9,0
-0.08,-0.21,1.18,32.6,0
-0.08,-0.21,1.19,32.9,0
-0.08,-0.2,1.19,32.9,0
-0.08,-0.21,1.18,32.9,0
-0.08,-0.2,1.18,32.9,0
-0.08,-0.2,1.18,32.9,0
-0.08,-0.21,1.18,32.6,0
-0.08,-0.21,1.19,32.6,0
-0.08,-0.21,1.19,32.6,0
-0.08,-0.21,1.18,32.6,0
-0.08,-0.21,1.18,32.9,0
-0.08,-0.21,1.18,32.6,0
-0.08,-0.21,1.19,32.6,0
-0.08,-0.21,1.19,32.6,0
-0.08,-0.2,1.18,32.6,0
-0.08,-0.2,1.18,32.6,0
-0.08,-0.21,1.19,32.6,0
-0.08,-0.21,1.18,32.6,0
-0.08,-0.21,1.19,32.6,0
-0.08,-0.21,1.18,32.9,0
-0.08,-0.21,1.18,32.6,0
-0.08,-0.21,1.18,32.6,0
-0.08,-0.21,1.18,32.6,0
-0.08,-0.21,1.19,32.6,0
-0.08,-0.21,1.19,32.6,0
-0.08,-0.21,1.18,32.6,0
-0.08,-0.2,1.19,32.6,0
-0.08,-0.21,1.18,32.6,0
-0.08,-0.21,1.18,32.9,0
-0.08,-0.21,1.18,32.6,0
-0.08,-0.21,1.18,32.9,0
-0.08,-0.2,1.18,32.9,0
-0.08,-0.21,1.19,32.6,0
-0.08,-0.21,1.18,32.6,0
-0.08,-0.2,1.18,32.6,0
-0.08,-0.21,1.19,32.6,0
-0.08,-0.21,1.18,32.9,0
-0.08,-0.21,1.18,32.6,0
-0.08,-0.21,1.19,32.6,0
-0.08,-0.21,1.19,32.9,0
-0.08,-0.21,1.18,32.6,0
-0.08,-0.21,1.19,32.6,0
-0.08,-0.21,1.17,32.6,0
-0.09,-0.21,1.18,32.6,0
-0.08,-0.21,1.19,32.6,0
-0.08,-0.21,1.19,32.6,0
-0.08,-0.21,1.18,32.6,0
-0.08,-0.21,1.19,32.6,0
-0.08,-0.2,1.19,32.9,0
-0.08,-0.21,1.19,32.6,0
-0.08,-0.21,1.19,32.6,0
-0.08,-0.21,1.19,32.6,0
-0.08,-0.21,1.18,32.6,0
-0.08,-0.21,1.18,32.9,0
-0.08,-0.21,1.18,32.6,0
-0.08,-0.2,1.19,32.6,0
-0.08,-0.21,1.18,32.6,0
-0.08,-0.21,1.19,32.6,0
-0.08,-0.21,1.19,32.9,0
-0.08,-0.21,1.18,32.6,0
-0.08,-0.21,1.18,32.6,0
-0.08,-0.21,1.18,32.6,0
-0.08,-0.21,1.18,32.6,0
-0.08,-0.21,1.19,32.6,0
-0.08,-0.2,1.19,32.6,0
-0.08,-0.2,1.18,32.6,0
-0.08,-0.21,1.18,32.6,0
-0.08,-0.21,1.18,32.6,0
-0.08,-0.21,1.18,32.9,0
-0.09,-0.21,1.19,32.6,0
-0.09,-0.2,1.19,32.6,0
-0.08,-0.21,1.19,32.6,0
-0.08,-0.21,1.18,32.9,0
-0.08,-0.2,1.18,32.6,0
-0.08,-0.2,1.19,32.6,0
-0.08,-0.21,1.19,32.6,0
-0.08,-0.21,1.19,32.6,0
-0.08,-0.21,1.19,32.6,0
-0.08,-0.21,1.18,32.6,0
-0.08,-0.21,1.18,32.6,0
-0.08,-0.2,1.19,32.6,0
-0.08,-0.21,1.18,32.6,0
-0.08,-0.21,1.18,32.6,0
-0.08,-0.2,1.18,32.6,0
-0.08,-0.21,1.19,32.6,0
-0.08,-0.21,1.19,32.6,0
-0.09,-0.21,1.18,32.9,0
-0.08,-0.2,1.19,32.6,0
-0.08,-0.21,1.18,32.6,0
-0.08,-0.21,1.19,32.6,0
-0.08,-0.21,1.18,32.6,0
-0.08,-0.21,1.19,32.6,0
-0.08,-0.21,1.19,32.6,0
-0.08,-0.21,1.18,32.6,0
-0.08,-0.2,1.19,32.6,0
-0.08,-0.21,1.18,32.6,0
-0.08,-0.21,1.19,32.6,0
-0.08,-0.21,1.19,32.6,0
-0.08,-0.2,1.19,32.6,0
-0.08,-0.21,1.19,32.6,0
-0.08,-0.21,1.19,32.6,0
-0.08,-0.21,1.19,32.6,0
-0.08,-0.21,1.18,32.6,0
-0.08,-0.21,1.18,32.6,0
-0.08,-0.21,1.19,32.6,0
-0.08,-0.2,1.19,32.6,0
-0.08,-0.21,1.19,32.6,0
-0.08,-0.21,1.19,32.6,0
-0.08,-0.21,1.19,32.6,0
-0.08,-0.2,1.19,32.6,0
-0.08,-0.2,1.18,32.6,0
-0.08,-0.21,1.18,32.6,0
-0.08,-0.21,1.18,32.6,0
-0.08,-0.21,1.18,32.6,0
-0.09,-0.2,1.19,32.6,0
-0.08,-0.21,1.18,32.6,0
-0.08,-0.21,1.18,32.6,0
-0.08,-0.2,1.18,32.6,0
-0.08,-0.21,1.18,32.6,0
-0.08,-0.21,1.18,32.6,0
-0.08,-0.2,1.19,32.6,0
-0.08,-0.21,1.19,32.6,0
-0.08,-0.21,1.18,32.6,0
-0.08,-0.21,1.18,32.6,0
-0.08,-0.21,1.19,32.6,0
-0.08,-0.21,1.19,32.6,0
-0.08,-0.2,1.19,32.6,0
-0.08,-0.2,1.18,32.6,0
-0.08,-0.21,1.18,32.6,0
-0.08,-0.21,1.18,32.6,0
-0.08,-0.21,1.18,32.6,0
-0.08,-0.21,1.19,32.6,0
-0.08,-0.21,1.19,32.6,0
-0.08,-0.21,1.19,32.6,0
-0.08,-0.2,1.18,32.6,0
-0.08,-0.21,1.18,32.6,0
-0.08,-0.21,1.18,32.6,0
-0.08,-0.2,1.19,32.6,0
-0.08,-0.2,1.18,32.6,0
-0.08,-0.22,1.19,32.6,0
-0.08,-0.2,1.18,32.6,0
-0.08,-0.21,1.19,32.6,0
-0.09,-0.21,1.18,32.6,0
-0.08,-0.2,1.18,32.6,0
-0.08,-0.21,1.19,32.6,0
-0.08,-0.2,1.18,32.6,0
-0.08,-0.2,1.19,32.6,0
-0.09,-0.21,1.18,32.6,0
-0.08,-0.2,1.19,32.6,0
-0.08,-0.21,1.19,32.6,0
-0.08,-0.21,1.19,32.6,0
-0.08,-0.21,1.18,32.6,0
-0.08,-0.21,1.18,32.6,0
-0.09,-0.21,1.18,32.6,0
-0.08,-0.2,1.18,32.6,0
-0.08,-0.21,1.18,32.6,0
-0.08,-0.2,1.19,32.6,0
-0.08,-0.2,1.18,32.6,0
-0.08,-0.21,1.19,32.6,0
-0.08,-0.21,1.19,32.6,0
-0.08,-0.21,1.19,32.6,0
-0.08,-0.2,1.19,32.6,0
-0.08,-0.21,1.18,32.6,0
-0.08,-0.2,1.19,32.6,0
-0.08,-0.21,1.19,32.6,0
-0.08,-0.21,1.18,32.6,0
-0.08,-0.21,1.18,32.6,0
-0.09,-0.21,1.18,32.6,0
-0.08,-0.21,1.18,32.6,0
-0.08,-0.21,1.19,32.6,0
-0.08,-0.21,1.18,32.6,0
-0.07,-0.21,1.19,32.6,0
-0.08,-0.2,1.18,32.6,0
-0.08,-0.21,1.18,32.6,0
-0.08,-0.21,1.19,32.6,0
-0.08,-0.21,1.18,32.6,0
-0.08,-0.2,1.19,32.6,0
-0.08,-0.21,1.19,32.6,0
-0.08,-0.21,1.18,32.6,0
-0.08,-0.21,1.19,32.6,0
-0.08,-0.21,1.19,32.6,0
-0.08,-0.21,1.18,32.6,0
-0.08,-0.21,1.19,32.6,0
-0.08,-0.21,1.18,32.6,0
-0.08,-0.21,1.18,32.6,0
-0.08,-0.2,1.18,32.6,0
-0.08,-0.21,1.18,32.6,0
-0.08,-0.21,1.18,32.6,0
-0.08,-0.21,1.19,32.6,0
-0.08,-0.21,1.19,32.6,0
-0.09,-0.21,1.18,32.6,0
-0.08,-0.2,1.18,32.6,0
-0.08,-0.21,1.18,32.6,0
-0.08,-0.2,1.18,32.6,0
-0.08,-0.21,1.19,32.6,0
-0.08,-0.21,1.18,32.6,0
-0.08,-0.21,1.18,32.6,0
-0.08,-0.21,1.18,32.6,0
-0.08,-0.21,1.18,32.6,0
-0.08,-0.21,1.19,32.6,0
-0.08,-0.21,1.19,32.6,0
-0.08,-0.21,1.18,32.6,0
-0.08,-0.21,1.19,32.6,0
-0.08,-0.2,1.19,32.6,0
-0.08,-0.2,1.19,32.6,0
-0.08,-0.2,1.19,32.6,0
-0.08,-0.2,1.18,32.6,0
-0.09,-0.21,1.18,32.6,0
-0.08,-0.2,1.19,32.6,0
-0.08,-0.21,1.19,32.6,0
-0.08,-0.21,1.18,32.6,0
-0.08,-0.21,1.18,32.6,0
-0.09,-0.21,1.18,32.6,0
-0.08,-0.21,1.19,32.6,0
-0.08,-0.2,1.19,32.6,0
-0.08,-0.21,1.18,32.6,0
-0.08,-0.21,1.18,32.6,0
-0.08,-0.2,1.19,32.6,0
-0.08,-0.21,1.19,32.6,0
-0.08,-0.21,1.19,32.6,0
-0.08,-0.21,1.19,32.6,0
-0.08,-0.2,1.19,32.6,0
-0.08,-0.21,1.18,32.6,0
-0.08,-0.2,1.18,32.6,0
-0.08,-0.21,1.18,32.6,0
-0.08,-0.2,1.17,32.6,0
-0.08,-0.2,1.18,32.6,0
-0.08,-0.21,1.18,32.6,0
-0.08,-0.21,1.19,32.6,0
-0.08,-0.21,1.19,32.6,0
-0.08,-0.21,1.18,32.6,0
-0.08,-0.21,1.18,32.6,0
-0.08,-0.21,1.19,32.6,0
-0.08,-0.21,1.18,32.6,0
-0.08,-0.2,1.19,32.6,0
-0.08,-0.21,1.18,32.6,0
-0.08,-0.2,1.19,32.6,0
-0.08,-0.21,1.18,32.6,0
-0.08,-0.21,1.19,32.6,0
-0.08,-0.21,1.19,32.6,0
-0.08,-0.21,1.19,32.6,0
-0.08,-0.21,1.19,32.6,0
-0.08,-0.21,1.18,32.6,0
-0.08,-0.21,1.19,32.6,0
-0.08,-0.2,1.19,32.6,0
-0.08,-0.21,1.19,32.6,0
-0.08,-0.21,1.19,32.6,0
-0.08,-0.21,1.18,32.6,0
-0.08,-0.21,1.18,32.6,0
-0.08,-0.2,1.19,32.6,0
-0.08,-0.21,1.18,32.6,0
-0.08,-0.21,1.19,32.6,0
-0.08,-0.21,1.19,32.6,0
-0.08,-0.21,1.18,32.6,0
-0.08,-0.21,1.18,32.6,0
-0.08,-0.21,1.18,32.6,0
-0.08,-0.21,1.18,32.6,0
-0.08,-0.2,1.18,32.6,0
-0.08,-0.21,1.18,32.6,0
-0.08,-0.21,1.19,32.6,0
-0.08,-0.2,1.19,32.6,0
-0.08,-0.21,1.18,32.6,0
-0.08,-0.21,1.19,32.6,0
-0.08,-0.21,1.18,32.6,0
-0.08,-0.21,1.19,32.6,0
-0.09,-0.21,1.18,32.6,0
-0.08,-0.21,1.19,32.6,0
-0.08,-0.2,1.18,32.6,0
-0.08,-0.21,1.18,32.6,0
-0.08,-0.2,1.18,32.6,0
-0.09,-0.2,1.19,32.6,0
-0.08,-0.2,1.18,32.6,0
-0.08,-0.21,1.19,32.6,0
-0.08,-0.21,1.19,32.6,0
-0.08,-0.21,1.19,32.6,0
-0.08,-0.21,1.18,32.4,0
-0.08,-0.2,1.18,32.6,0
-0.08,-0.2,1.19,32.6,0
-0.08,-0.21,1.18,32.4,0
-0.08,-0.2,1.18,32.6,0
-0.08,-0.21,1.19,32.6,0
-0.09,-0.2,1.18,32.4,0
-0.08,-0.21,1.18,32.6,0
-0.08,-0.21,1.18,32.6,0
-0.08,-0.21,1.19,32.6,0
-0.08,-0.2,1.18,32.6,0
-0.08,-0.21,1.19,32.6,0
-0.08,-0.2,1.18,32.6,0
-0.08,-0.2,1.19,32.6,0
-0.08,-0.2,1.19,32.6,0
-0.08,-0.21,1.18,32.6,0
-0.08,-0.21,1.19,32.6,0
-0.08,-0.21,1.18,32.6,0
-0.08,-0.2,1.19,32.6,0
-0.08,-0.21,1.18,32.6,0
-0.08,-0.21,1.18,32.6,0
-0.08,-0.2,1.18,32.6,0
-0.08,-0.21,1.18,32.6,0
-0.08,-0.21,1.19,32.6,0
-0.08,-0.21,1.19,32.6,0
-0.08,-0.21,1.18,32.6,0
-0.08,-0.21,1.19,32.6,0
-0.08,-0.2,1.19,32.6,0
-0.08,-0.21,1.18,32.4,0
-0.08,-0.21,1.19,32.6,0
-0.08,-0.21,1.18,32.6,0
-0.08,-0.2,1.18,32.4,0
-0.08,-0.21,1.19,32.4,0
-0.08,-0.2,1.18,32.6,0
-0.08,-0.21,1.19,32.4,0
-0.08,-0.21,1.18,32.6,0
-0.08,-0.21,1.18,32.4,0
-0.08,-0.21,1.18,32.6,0
-0.08,-0.21,1.18,32.6,0
-0.09,-0.21,1.19,32.9,0
-0.09,-0.21,1.18,32.9,0
-0.09,-0.21,1.19,32.9,0
-0.09,-0.21,1.18,32.9,0
-0.08,-0.21,1.18,32.9,0
-0.09,-0.2,1.18,32.9,0
-0.09,-0.21,1.19,32.9,0
-0.08,-0.21,1.19,32.9,0
-0.09,-0.2,1.19,32.9,0
-0.08,-0.21,1.19,32.6,0
-0.08,-0.21,1.18,32.6,0
-0.08,-0.2,1.18,32.6,0
-0.08,-0.2,1.18,32.6,0
-0.08,-0.21,1.19,32.6,0
-0.08,-0.21,1.19,32.4,0
-0.09,-0.21,1.19,32.6,0
-0.08,-0.21,1.18,32.6,0
-0.08,-0.21,1.18,32.6,0
-0.08,-0.2,1.19,32.4,0
-0.08,-0.21,1.18,32.4,0
-0.08,-0.21,1.18,32.4,0
-0.08,-0.21,1.18,32.4,0
-0.08,-0.21,1.18,32.6,0
-0.08,-0.2,1.18,32.4,0
-0.08,-0.21,1.19,32.6,0
-0.08,-0.21,1.19,32.6,0
-0.08,-0.21,1.18,32.4,0
-0.08,-0.21,1.18,32.4,0
-0.08,-0.21,1.18,32.6,0
-0.09,-0.2,1.18,32.4,0
-0.08,-0.2,1.18,32.4,0
-0.08,-0.21,1.19,32.6,0
-0.08,-0.21,1.18,32.4,0
-0.08,-0.21,1.18,32.4,0
-0.08,-0.21,1.18,32.4,0
-0.08,-0.2,1.19,32.4,0
-0.08,-0.21,1.19,32.4,0
-0.08,-0.21,1.19,32.6,0
-0.08,-0.2,1.18,32.6,0
-0.08,-0.2,1.18,32.6,0
-0.08,-0.2,1.19,32.6,0
-0.08,-0.21,1.19,32.4,0
-0.08,-0.21,1.18,32.4,0
-0.08,-0.2,1.19,32.4,0
-0.08,-0.21,1.18,32.4,0
-0.08,-0.21,1.19,32.6,0
-0.08,-0.21,1.19,32.4,0
-0.08,-0.2,1.19,32.4,0
-0.08,-0.2,1.18,32.4,0
-0.08,-0.21,1.19,32.4,0
-0.08,-0.2,1.18,32.4,0
-0.08,-0.21,1.18,32.4,0
-0.08,-0.2,1.19,32.4,0
-0.08,-0.2,1.18,32.4,0
-0.08,-0.21,1.18,32.6,0
-0.08,-0.21,1.18,32.4,0
-0.08,-0.21,1.19,32.6,0
-0.08,-0.21,1.18,32.4,0
-0.08,-0.2,1.19,32.4,0
-0.08,-0.21,1.18,32.4,0
-0.08,-0.21,1.19,32.4,0
-0.08,-0.2,1.19,32.4,0
-0.08,-0.21,1.19,32.6,0
-0.08,-0.21,1.18,32.4,0
-0.08,-0.21,1.18,32.4,0
-0.08,-0.2,1.18,32.4,0
-0.08,-0.2,1.19,32.4,0
-0.08,-0.2,1.18,32.4,0
-0.08,-0.21,1.18,32.4,0
-0.08,-0.21,1.18,32.4,0
-0.08,-0.21,1.18,32.4,0
-0.08,-0.2,1.19,32.4,0
-0.08,-0.2,1.19,32.4,0
-0.09,-0.21,1.19,32.4,0
-0.08,-0.21,1.18,32.4,0
-0.08,-0.21,1.19,32.4,0
-0.08,-0.21,1.18,32.4,0
-0.08,-0.2,1.18,32.4,0
-0.08,-0.21,1.19,32.4,0
-0.08,-0.21,1.18,32.4,0
-0.08,-0.21,1.18,32.4,0
-0.09,-0.21,1.18,32.4,0
-0.08,-0.2,1.18,32.4,0
-0.08,-0.21,1.18,32.4,0
-0.08,-0.21,1.19,32.4,0
-0.08,-0.2,1.19,32.4,0
-0.08,-0.21,1.18,32.4,0
-0.08,-0.21,1.19,32.4,0
-0.08,-0.21,1.19,32.4,0
-0.08,-0.2,1.18,32.4,0
-0.08,-0.21,1.18,32.4,0
-0.08,-0.21,1.19,32.4,0
-0.08,-0.2,1.18,32.4,0
-0.08,-0.2,1.18,32.4,0
-0.08,-0.21,1.19,32.4,0
-0.09,-0.21,1.18,32.4,0
-0.08,-0.21,1.18,32.4,0
-0.08,-0.2,1.18,32.4,0
-0.08,-0.2,1.18,32.4,0
-0.08,-0.2,1.18,32.4,0
-0.08,-0.21,1.18,32.4,0
-0.09,-0.2,1.18,32.4,0
-0.08,-0.21,1.18,32.4,0
-0.08,-0.21,1.18,32.4,0
-0.09,-0.21,1.18,32.4,0
-0.08,-0.2,1.19,32.4,0
-0.08,-0.2,1.19,32.4,0
-0.08,-0.21,1.19,32.4,0
-0.08,-0.21,1.18,32.4,0
-0.08,-0.21,1.18,32.4,0
-0.08,-0.2,1.18,32.4,0
-0.08,-0.2,1.18,32.4,0
-0.08,-0.21,1.18,32.4,0
-0.08,-0.21,1.18,32.4,0
-0.08,-0.21,1.18,32.4,0
-0.08,-0.21,1.19,32.4,0
-0.08,-0.2,1.17,32.4,0
-0.08,-0.21,1.18,32.4,0
-0.08,-0.21,1.18,32.4,0
-0.08,-0.21,1.18,32.4,0
-0.08,-0.21,1.18,32.4,0
-0.08,-0.21,1.18,32.4,0
-0.08,-0.2,1.19,32.4,0
-0.08,-0.21,1.18,32.4,0
-0.08,-0.2,1.19,32.4,0
-0.08,-0.21,1.18,32.4,0
-0.08,-0.21,1.19,32.4,0
-0.08,-0.2,1.18,32.4,0
-0.08,-0.21,1.19,32.4,0
-0.08,-0.21,1.18,32.4,0
-0.09,-0.21,1.19,32.4,0
-0.08,-0.2,1.19,32.4,0
-0.08,-0.2,1.18,32.4,0
-0.08,-0.21,1.19,32.4,0
-0.08,-0.21,1.19,32.4,0
-0.08,-0.21,1.19,32.4,0
-0.08,-0.21,1.19,32.4,0
-0.08,-0.2,1.18,32.4,0
-0.09,-0.2,1.18,32.4,0
-0.08,-0.21,1.18,32.4,0
-0.08,-0.2,1.18,32.4,0
-0.08,-0.21,1.18,32.4,0
-0.08,-0.2,1.18,32.4,0
-0.08,-0.21,1.18,32.4,0
-0.08,-0.21,1.18,32.4,0
-0.08,-0.2,1.19,32.4,0
-0.08,-0.2,1.18,32.4,0
-0.08,-0.21,1.18,32.4,0
-0.08,-0.2,1.18,32.4,0
-0.08,-0.21,1.18,32.4,0
-0.09,-0.21,1.18,32.4,0
-0.08,-0.21,1.19,32.4,0
-0.08,-0.2,1.18,32.4,0
-0.08,-0.21,1.19,32.4,0
-0.08,-0.2,1.18,32.4,0
-0.08,-0.21,1.18,32.4,0
-0.08,-0.2,1.18,32.4,0
-0.08,-0.21,1.19,32.4,0
-0.08,-0.21,1.18,32.4,0
-0.08,-0.21,1.19,32.4,0
-0.08,-0.21,1.18,32.4,0
-0.08,-0.21,1.18,32.4,0
-0.08,-0.2,1.18,32.4,0
-0.08,-0.21,1.19,32.4,0
-0.08,-0.21,1.18,32.4,0
-0.08,-0.21,1.19,32.4,0
-0.08,-0.21,1.19,32.4,0
-0.08,-0.21,1.18,32.4,0
-0.08,-0.2,1.19,32.4,0
-0.08,-0.2,1.18,32.4,0
-0.08,-0.21,1.19,32.4,0
-0.08,-0.21,1.19,32.4,0
-0.08,-0.21,1.18,32.4,0
-0.08,-0.2,1.18,32.4,0
-0.08,-0.21,1.18,32.4,0
-0.08,-0.2,1.18,32.4,0
-0.08,-0.2,1.18,32.4,0
-0.08,-0.2,1.19,32.4,0
-0.09,-0.21,1.18,32.4,0
-0.08,-0.21,1.19,32.4,0
-0.08,-0.21,1.18,32.4,0
-0.08,-0.21,1.19,32.4,0
-0.08,-0.2,1.19,32.4,0
-0.08,-0.2,1.19,32.4,0
-0.08,-0.21,1.19,32.4,0
-0.08,-0.21,1.18,32.4,0
-0.08,-0.21,1.19,32.4,0
-0.08,-0.21,1.18,32.4,0
-0.08,-0.21,1.19,32.4,0
-0.08,-0.21,1.18,32.4,0
-0.08,-0.21,1.19,32.4,0
-0.08,-0.21,1.19,32.4,0
-0.08,-0.21,1.19,32.4,0
-0.08,-0.21,1.18,32.4,0
-0.08,-0.2,1.19,32.4,0
-0.08,-0.21,1.19,32.4,0
-0.08,-0.2,1.18,32.4,0
-0.08,-0.2,1.19,32.4,0
-0.08,-0.21,1.19,32.4,0
-0.08,-0.21,1.18,32.4,0
-0.08,-0.21,1.18,32.4,0
-0.08,-0.21,1.18,32.4,0
-0.08,-0.21,1.18,32.4,0
-0.08,-0.21,1.19,32.4,0
-0.08,-0.21,1.18,32.4,0
-0.08,-0.2,1.19,32.4,0
-0.08,-0.2,1.18,32.4,0
-0.08,-0.21,1.18,32.4,0
-0.08,-0.2,1.19,32.4,0
-0.08,-0.21,1.19,32.4,0
-0.08,-0.2,1.19,32.4,0
-0.08,-0.2,1.18,32.4,0
-0.09,-0.21,1.18,32.4,0
-0.08,-0.2,1.19,32.4,0
-0.08,-0.2,1.2,32.4,0
-0.08,-0.21,1.18,32.4,0
-0.08,-0.21,1.18,32.4,0
-0.08,-0.21,1.18,32.4,0
-0.08,-0.21,1.18,32.4,0
-0.09,-0.21,1.18,32.4,0
-0.08,-0.21,1.19,32.2,0
-0.08,-0.2,1.18,32.4,0
-0.08,-0.2,1.19,32.2,0
-0.08,-0.2,1.18,32.2,0
-0.08,-0.2,1.18,32.4,0
-0.08,-0.2,1.18,32.4,0
-0.08,-0.21,1.18,32.2,0
-0.08,-0.2,1.18,32.4,0
-0.08,-0.21,1.18,32.4,0
-0.08,-0.21,1.18,32.4,0
-0.08,-0.21,1.18,32.2,0
-0.08,-0.2,1.19,32.4,0
-0.08,-0.21,1.18,32.4,0
-0.08,-0.2,1.19,32.4,0
-0.08,-0.21,1.19,32.4,0
-0.08,-0.2,1.18,32.4,0
-0.08,-0.21,1.18,32.4,0
-0.08,-0.2,1.18,32.4,0
-0.08,-0.21,1.18,32.4,0
-0.08,-0.21,1.19,32.2,0
-0.09,-0.21,1.18,32.4,0
-0.08,-0.21,1.18,32.2,0
-0.09,-0.21,1.19,32.4,0
-0.08,-0.2,1.19,32.4,0
-0.08,-0.21,1.19,32.2,0
-0.08,-0.21,1.18,32.4,0
-0.09,-0.21,1.19,32.4,0
-0.08,-0.2,1.18,32.4,0
-0.08,-0.2,1.19,32.2,0
-0.08,-0.21,1.18,32.4,0
-0.08,-0.2,1.18,32.2,0
-0.08,-0.2,1.18,32.4,0
-0.08,-0.2,1.18,32.2,0
-0.08,-0.2,1.18,32.4,0
-0.08,-0.2,1.19,32.2,0
-0.08,-0.21,1.18,32.2,0
-0.08,-0.2,1.19,32.4,0
-0.08,-0.2,1.19,32.2,0
-0.08,-0.21,1.18,32.2,0
-0.08,-0.21,1.18,32.2,0
-0.08,-0.21,1.19,32.4,0
-0.08,-0.2,1.18,32.2,0
-0.08,-0.21,1.18,32.4,0
-0.08,-0.2,1.19,32.4,0
-0.08,-0.21,1.19,32.2,0
-0.08,-0.2,1.18,32.2,0
-0.08,-0.21,1.18,32.2,0
-0.09,-0.21,1.18,32.4,0
-0.08,-0.21,1.18,32.2,0
-0.08,-0.21,1.18,32.2,0
-0.08,-0.21,1.18,32.2,0
-0.08,-0.21,1.19,32.4,0
-0.08,-0.21,1.18,32.2,0
-0.08,-0.2,1.18,32.2,0
-0.08,-0.21,1.19,32.4,0
-0.09,-0.21,1.18,32.2,0
-0.08,-0.2,1.18,32.4,0
-0.08,-0.21,1.19,32.2,0
-0.08,-0.21,1.18,32.2,0
-0.08,-0.21,1.19,32.2,0
-0.08,-0.21,1.18,32.2,0
-0.08,-0.21,1.18,32.2,0
-0.08,-0.2,1.18,32.2,0
-0.08,-0.21,1.19,32.2,0
-0.09,-0.21,1.18,32.2,0
-0.08,-0.21,1.18,32.2,0
-0.08,-0.21,1.18,32.2,0
-0.08,-0.2,1.18,32.4,0
-0.08,-0.21,1.18,32.2,0
-0.08,-0.21,1.18,32.2,0
-0.08,-0.21,1.18,32.2,0
-0.08,-0.21,1.19,32.2,0
-0.08,-0.2,1.18,32.4,0
-0.08,-0.2,1.18,32.2,0
-0.09,-0.21,1.18,32.2,0
-0.08,-0.21,1.19,32.2,0
-0.08,-0.21,1.18,32.2,0
-0.07,-0.2,1.18,32.2,0
-0.08,-0.21,1.19,32.2,0
-0.08,-0.21,1.18,32.2,0
-0.08,-0.2,1.18,32.2,0
-0.08,-0.21,1.18,32.2,0
-0.08,-0.21,1.19,32.2,0
-0.08,-0.21,1.19,32.2,0
-0.08,-0.21,1.19,32.2,0
-0.08,-0.2,1.19,32.2,0
-0.09,-0.2,1.18,32.2,0
-0.08,-0.2,1.18,32.2,0
-0.08,-0.21,1.18,32.2,0
-0.08,-0.21,1.19,32.2,0
-0.08,-0.21,1.19,32.2,0
-0.08,-0.2,1.18,32.2,0
-0.08,-0.2,1.19,32.2,0
-0.08,-0.21,1.19,32.4,0
-0.08,-0.2,1.18,32.2,0
-0.08,-0.21,1.18,32.2,0
-0.08,-0.21,1.19,32.2,0
-0.08,-0.2,1.18,32.2,0
-0.08,-0.21,1.18,32.2,0
-0.08,-0.21,1.18,32.2,0
-0.08,-0.2,1.18,32.2,0
-0.09,-0.21,1.19,32.2,0
-0.08,-0.2,1.18,32.2,0
-0.08,-0.21,1.19,32.2,0
-0.08,-0.2,1.19,32.2,0
-0.08,-0.2,1.18,32.2,0
-0.08,-0.2,1.18,32.2,0
-0.08,-0.2,1.18,32.2,0
-0.08,-0.21,1.19,32.2,0
-0.08,-0.2,1.19,32.2,0
-0.08,-0.21,1.19,32.2,0
-0.08,-0.21,1.19,32.2,0
-0.08,-0.2,1.18,32.2,0
-0.08,-0.21,1.19,32.2,0
-0.08,-0.2,1.19,32.2,0
-0.09,-0.21,1.19,32.2,0
-0.09,-0.21,1.19,32.2,0
-0.08,-0.21,1.18,32.2,0
-0.08,-0.21,1.18,32.2,0
-0.08,-0.21,1.18,32.2,0
-0.08,-0.2,1.18,32.2,0
-0.08,-0.2,1.19,32.2,0
-0.09,-0.21,1.17,32.2,0
-0.08,-0.2,1.18,32.2,0
-0.08,-0.21,1.18,32.2,0
-0.08,-0.21,1.18,32.2,0
-0.08,-0.2,1.18,32.2,0
-0.08,-0.2,1.18,32.2,0
-0.08,-0.21,1.18,32.2,0
-0.08,-0.2,1.19,32.2,0
-0.08,-0.21,1.19,32.2,0
-0.08,-0.21,1.18,32.2,0
-0.08,-0.2,1.19,32.2,0
-0.08,-0.2,1.18,32.2,0
-0.08,-0.21,1.19,32.2,0
-0.08,-0.21,1.18,32.2,0
-0.08,-0.2,1.19,32.2,0
-0.08,-0.21,1.19,32.2,0
-0.08,-0.21,1.19,32.2,0
-0.08,-0.21,1.19,32.2,0
-0.08,-0.2,1.19,32.2,0
-0.08,-0.21,1.19,32.2,0
-0.09,-0.21,1.19,32.2,0
-0.08,-0.2,1.19,32.2,0
-0.08,-0.2,1.18,32.2,0
-0.08,-0.2,1.18,32.2,0
-0.08,-0.21,1.19,32.2,0
-0.08,-0.21,1.18,32,0
-0.09,-0.21,1.18,32.2,0
-0.08,-0.21,1.19,32.2,0
-0.08,-0.21,1.18,32.2,0
-0.08,-0.21,1.18,32.2,0
-0.08,-0.21,1.18,32.2,0
-0.08,-0.2,1.18,32.2,0
-0.08,-0.2,1.18,32.2,0
-0.08,-0.2,1.19,32.2,0
-0.08,-0.21,1.18,32.2,0
-0.08,-0.2,1.19,32.2,0
-0.09,-0.2,1.18,32.2,0
-0.08,-0.2,1.19,32.2,0
-0.08,-0.21,1.18,32.2,0
-0.08,-0.2,1.18,32.2,0
-0.08,-0.2,1.18,32.2,0
-0.08,-0.21,1.18,32.2,0
-0.08,-0.21,1.19,32.2,0
-0.08,-0.21,1.18,32.2,0
-0.08,-0.21,1.19,32.2,0
-0.08,-0.21,1.19,32,0
-0.08,-0.2,1.18,32.2,0
-0.08,-0.2,1.18,32.2,0
-0.08,-0.2,1.19,32.2,0
-0.08,-0.21,1.18,32.2,0
-0.08,-0.21,1.19,32.2,0
-0.08,-0.21,1.19,32.2,0
-0.08,-0.2,1.18,32.2,0
-0.08,-0.21,1.18,32.2,0
-0.08,-0.21,1.19,32.2,0
-0.08,-0.2,1.18,32.2,0
-0.08,-0.21,1.18,32.2,0
-0.08,-0.2,1.18,32,0
-0.08,-0.2,1.18,32,0
-0.08,-0.2,1.18,32.2,0
-0.08,-0.2,1.18,32,0
-0.08,-0.2,1.18,32.2,0
-0.08,-0.2,1.18,32.2,0
-0.08,-0.21,1.18,32.2,0
-0.08,-0.21,1.19,32.2,0
-0.08,-0.21,1.18,32.2,0
-0.08,-0.21,1.19,32.2,0
-0.08,-0.21,1.19,32,0
-0.08,-0.2,1.18,32,0
-0.08,-0.21,1.19,32,0
-0.08,-0.21,1.19,32,0
-0.09,-0.4,0.8,32.2,0
-0.24,-0.15,0.71,32.2,0
0.26,-0.02,1.47,32,0
0.02,-0.54,1.62,32.2,0
0.21,-0.11,1.64,32.2,0
-0.3,-0.1,1.16,32.2,0
-0.67,-0.19,1.25,32.2,0
-0.96,-0.44,1.26,32.2,0
-0.73,-0.25,0.4,32,0
-0.5,-0.3,0.55,32,0
-0.61,-0.35,0.22,32.2,0
-0.2,0,-0.18,32.2,0
-0.38,-0.5,-0.22,32,0
-0.75,-0.26,-0.64,32,0
-0.87,-0.62,-0.45,32.2,0
-0.76,-0.8,-0.16,32,0
-0.79,-0.29,-0.76,32,0
-0.63,-0.08,-0.24,32.2,0
-0.67,0.52,-1.07,32,0
-0.43,-0.28,-0.31,32.2,0
-0.42,-0.46,-0.5,32,0
-0.75,-0.05,-0.28,32,0
-0.93,-0.37,-0.04,32.2,0
-1.11,-0.04,-0.66,32,0
-0.79,0.47,-0.37,32,0
-0.79,0.22,-0.97,32,0
-0.1,0.57,-0.51,32.2,0
0,0.97,-0.19,32.2,0
-0.01,1.21,-0.24,32,0
-1,1.84,-0.34,32,0
-0.75,0.5,0.15,32.2,0
-1.16,1.25,-0.14,32,0
-0.88,0.72,-0.02,32,0
-0.44,1.37,-0.43,32.2,0
-0.24,0.55,-0.18,32.2,0
-0.18,0.84,-0.13,32.2,0
0.01,0.69,-0.07,32.2,0
-1.05,0.6,-0.5,32,0
-0.59,0.98,-0.48,32,0
-0.37,0.95,-0.21,32.2,0
-0.37,0.6,-0.28,32.2,0
-0.36,0.62,-0.5,32,0
-0.49,0.56,-0.33,32,0
-0.43,0.55,-1.19,32,0
-0.49,0.69,-0.53,32,0.01
-0.46,0.61,-0.47,32.2,0.024
-0.41,0.75,-0.55,32,0.041
-0.49,0.6,-0.39,32,0.054
-0.39,0.71,-0.59,32,0.072
-0.41,0.69,-0.45,32.2,0.085
-0.39,0.62,-0.26,32,0.096
-0.43,0.77,-0.46,32,0.125
-0.52,0.62,-0.15,32.2,0.154
-0.32,0.82,-0.5,32,0.172
-0.4,0.66,-0.3,32,0.194
-0.51,0.84,-0.31,32,0.204
-0.46,0.73,-0.41,32,0.219
-0.11,0.92,-0.22,32.2,0.214
-0.39,0.71,-0.41,32,0.222
-0.38,0.77,-0.48,32,0.24
-0.41,0.8,-0.45,32,0.252
-0.36,0.67,-0.41,32,0.24
-0.31,0.76,-0.39,32.2,0.227
-0.36,0.77,-0.39,32,0.219
-0.34,0.76,-0.41,32,0.24
-0.36,0.8,-0.41,32,0.253
-0.38,0.8,-0.38,32,0.24
-0.35,0.77,-0.39,32,0.245
-0.37,0.75,-0.45,32.2,0.245
-0.33,0.69,-0.43,32,0.245
-0.39,0.74,-0.4,32,0.272
-0.35,0.7,-0.43,32,0.275
-0.36,0.83,-0.36,32,0.243
-0.34,0.76,-0.37,32,0.2
-0.38,0.8,-0.3,32,0.154
-0.37,0.86,-0.29,32,0.105
-0.38,0.8,-0.26,32,0.065
-0.37,0.91,-0.19,32,0.035
-0.38,0.9,-0.14,32,0.022
-0.38,0.92,-0.14,32,0.018
-0.38,0.83,-0.1,32,0.016
-0.33,0.83,-0.19,32,0.008
-0.39,0.95,-0.1,32,0.004
-0.39,0.95,-0.14,32,0.004
-0.41,0.92,-0.11,32,0.004
-0.08,0.9,-0.53,32,0.002
-0.41,0.93,-0.12,32,0.01
-0.37,0.88,-0.18,32,0.01
-0.39,0.8,-0.07,32,0.02
-0.43,0.99,-0.03,32,0.01
-0.43,0.85,-0.03,32,0.008
-0.49,1,-0.13,32,0.089
-0.32,0.74,-0.27,32,0.204
-0.37,0.8,-0.42,32,0.313
-0.33,0.75,-0.42,32,0.39
-0.35,0.73,-0.45,32,0.441
-0.33,0.82,-0.47,32,0.481
-0.35,0.74,-0.45,32,0.519
-0.45,0.77,-0.47,32,0.565
-0.41,0.73,-0.21,32,0.569
-0.44,0.52,-0.83,32,0.606
-0.36,0.72,-0.5,32,0.629
-0.47,0.65,-0.53,32,0.634
-0.45,0.69,-0.33,32,0.633
-0.44,0.87,-0.51,32,0.631
-0.42,0.67,-0.52,32,0.624
-0.44,0.57,-0.55,32,0.626
-0.41,0.5,-0.65,32,0.624
-0.45,0.51,-0.63,32,0.623
-0.41,0.53,-0.65,32,0.617
-0.47,0.52,-0.55,32,0.608
-0.47,0.5,-0.62,32,0.601
-0.48,0.39,-0.61,32,0.596
-0.5,0.5,-0.62,32,0.596
-0.5,0.41,-0.64,32,0.564
-0.54,0.42,-0.63,32,0.536
-0.49,0.28,-0.68,32,0.556
-0.5,0.42,-0.62,32,0.561
-0.49,0.49,-0.55,32,0.609
-0.5,0.36,-0.57,32,0.663
-0.45,0.37,-0.65,32,0.689
-0.48,0.35,-0.67,32,0.696
-0.5,0.34,-0.62,32,0.686
-0.5,0.38,-0.67,32,0.674
-0.49,0.34,-0.66,32,0.669
-0.49,0.32,-0.66,32,0.66
-0.44,0.4,-0.67,32,0.654
-0.48,0.47,-0.61,32,0.644
-0.51,0.61,-0.56,32,0.638
-0.51,0.49,-0.53,32,0.631
-0.46,0.28,-0.61,32,0.634
-0.51,0.3,-0.7,32,0.677
-0.53,0.29,-0.76,32,0.698
-0.57,0.33,-0.7,32,0.696
-0.51,0.21,-0.59,32,0.691
-0.56,0.26,-0.8,32,0.684
-0.54,0.35,-0.52,32,0.676
-0.56,0.3,-0.68,32,0.667
-0.53,0.18,-0.58,32,0.663
-0.6,0.34,-0.56,32,0.663
-0.6,0.42,-0.59,32,0.655
-0.59,0.47,-0.41,32,0.655
-0.56,0.56,-0.5,32,0.655
-0.49,0.39,-0.62,32,0.655
-0.54,0.28,-0.69,32,0.663
-0.63,0.2,-0.64,32,0.664
-0.58,0.35,-0.64,32,0.664
-0.53,0.31,-0.63,32,0.66
-0.5,0.27,-0.61,32,0.664
-0.5,0.34,-0.61,32,0.663
-0.5,0.42,-0.67,32,0.66
-0.52,0.26,-0.65,32,0.655
-0.46,0.52,-0.49,32,0.657
-0.47,0.46,-0.2,32,0.655
-0.37,0.94,0.14,32,0.653
-0.33,1.08,0.7,32,0.653
-0.2,0.71,0.6,32,0.654
-0.05,0.52,0.93,32,0.653
0.03,0.91,0.63,32,0.65
0.18,0.9,0.55,32,0.654
0.47,2.68,1.19,32,0.653
0.02,0.6,0.48,32,0.648
0.18,0.92,0.76,32,0.645
0.14,1.1,0.58,32,0.643
0.06,0.75,0.44,32,0.643
0.04,0.5,0.5,32,0.64
0.06,1.27,0.37,32,0.638
0.13,1,0.48,32,0.64
0.12,0.89,0.45,32,0.64
0.1,1.03,0.47,32,0.64
0.11,0.93,0.45,32,0.634
0.11,0.99,0.45,32,0.638
0.1,0.98,0.46,32.4,0.636
0.1,0.95,0.44,32.4,0.631
0.11,0.98,0.47,32.4,0.631
0.11,0.95,0.46,32.4,0.629
0.11,0.97,0.46,32.4,0.629
0.11,0.97,0.46,32.2,0.624
0.11,0.97,0.48,32.2,0.624
0.11,0.96,0.47,32.2,0.624
0.11,0.96,0.47,32.4,0.624
0.11,0.97,0.48,32,0.624
0.12,0.97,0.48,32,0.621
0.12,0.96,0.48,32,0.621
0.11,0.97,0.48,32,0.617
0.11,0.97,0.48,32,0.619
0.11,0.97,0.47,32,0.619
0.12,0.96,0.48,32,0.619
0.11,0.97,0.48,32,0.619
0.11,0.96,0.47,32,0.619
0.12,0.97,0.49,32,0.619
0.12,0.96,0.48,32,0.619
0.11,0.97,0.47,32,0.614
0.12,0.96,0.48,32,0.614
0.13,0.96,0.48,32,0.614
0.11,0.96,0.48,32,0.614
0.11,0.97,0.47,32,0.613
0.12,0.97,0.48,32,0.614
0.12,0.96,0.48,32,0.614
0.11,0.97,0.48,32,0.614
0.12,0.97,0.47,32,0.614
0.12,0.97,0.48,32,0.614
0.11,0.97,0.47,32,0.613
0.11,0.96,0.47,32,0.613
0.12,0.97,0.48,32,0.613
0.12,0.97,0.48,32,0.614
0.12,0.97,0.47,32,0.614
0.12,0.96,0.49,32,0.614
0.12,0.97,0.48,31.8,0.617
0.12,0.96,0.48,32,0.619
0.13,0.96,0.48,32,0.626
0.12,0.96,0.49,32,0.629
0.12,0.97,0.48,32,0.633
0.12,0.96,0.47,32,0.629
0.13,0.95,0.49,32,0.633
0.12,0.96,0.49,32,0.629
0.12,0.96,0.49,32,0.629
0.12,0.97,0.48,32,0.629
0.12,0.97,0.48,32,0.629
0.12,0.96,0.49,32,0.629
0.12,0.96,0.48,32,0.624
0.13,0.96,0.49,32,0.626
0.12,0.96,0.48,32,0.626
0.12,0.96,0.49,32,0.626
0.11,0.96,0.48,32,0.62
0.11,0.97,0.48,32,0.621
0.12,0.96,0.48,32,0.619
0.12,0.96,0.49,32,0.619
0.11,0.97,0.48,32,0.619
0.12,0.96,0.48,32,0.617
0.12,0.96,0.48,32,0.619
0.12,0.96,0.49,32,0.617
0.11,0.96,0.48,32,0.613
0.12,0.96,0.49,32,0.614
0.11,0.96,0.49,32,0.61
0.12,0.97,0.48,32,0.61
0.14,0.96,0.5,32,0.606
0.1,0.95,0.5,32,0.608
0.11,0.97,0.49,32,0.603
0.12,0.96,0.47,32,0.603
0.12,0.96,0.49,32,0.603
0.12,0.96,0.49,32,0.599
0.12,0.96,0.48,32,0.601
0.1,0.97,0.48,32,0.596
0.11,0.97,0.47,32,0.596
0.11,0.96,0.48,32,0.596
0.12,0.96,0.48,32,0.598
0.12,0.97,0.48,32,0.596
0.11,0.96,0.47,32,0.594
0.12,0.97,0.47,32,0.594
0.14,0.96,0.44,32,0.594
0.19,1.16,0.62,32,0.592
0.16,1.24,1.13,32,0.594
-0.02,1.29,1.25,32,0.587
-0.25,0.83,1.1,32,0.589
-0.46,0.59,0.82,32,0.584
-0.52,0.35,0.79,32,0.573
-0.5,0.18,0.58,32,0.556
-0.54,0.06,0.56,32,0.549
-0.54,0.07,0.72,32,0.545
-0.6,0.03,0.73,32,0.552
-0.68,0.09,1.01,32,0.56
-0.91,0.15,1.01,32,0.565
-0.94,0.3,1.02,32,0.566
-0.82,0.08,0.98,32,0.569
-0.73,0.24,0.78,31.8,0.569
-0.69,0.11,0.52,32,0.569
-0.64,0.2,0.53,32,0.569
-0.58,0.37,0.52,32,0.571
-0.45,0.49,0.72,32,0.569
-0.33,0.87,0.58,32,0.571
0.02,1.03,0.69,32,0.571
0,0.92,0.5,32,0.571
0.18,1.25,0.56,32,0.569
0.15,2,0.53,32,0.565
0,0.78,0.28,32,0.566
0.06,1.22,0.4,32,0.565
0.1,1.13,-0.22,31.8,0.566
0.12,0.68,0.13,31.8,0.566
0.09,0.41,0.56,31.8,0.566
0.15,1.63,0.54,32,0.566
0.19,0.91,0.37,31.8,0.566
0.2,0.94,0.57,31.8,0.565
0.21,0.99,0.4,32,0.566
0.17,0.96,0.43,32,0.571
0.14,0.98,0.46,32,0.569
0.2,0.98,0.42,32,0.573
0.17,0.96,0.4,32,0.576
0.17,0.95,0.32,32,0.578
0.17,1,0.43,32,0.585
0.18,0.97,0.43,31.8,0.592
0.18,0.97,0.4,32,0.596
0.16,0.97,0.39,32,0.606
0.17,0.96,0.41,32,0.614
0.17,0.97,0.41,32,0.619
0.13,0.94,0.4,32,0.624
0.19,0.99,0.46,32,0.631
0.19,0.95,0.43,32,0.636
0.17,0.97,0.45,32,0.64
0.2,1.01,0.47,31.8,0.645
0.17,0.91,0.4,31.8,0.65
0.19,1,0.45,31.8,0.655
0.19,0.95,0.43,32,0.66
0.18,0.96,0.42,32,0.669
0.19,0.96,0.43,32,0.669
0.18,0.96,0.43,31.8,0.67
0.19,0.96,0.43,31.8,0.679
0.19,0.98,0.43,31.8,0.679
0.33,1.55,0.41,31.8,0.686
0.21,1.76,-0.11,32,0.686
-0.03,1.69,-0.15,31.8,0.689
-0.24,1.02,-0.14,32,0.694
-0.4,0.71,0,32,0.701
-0.41,0.3,0.56,31.8,0.704
-0.71,0.14,0.36,31.8,0.709
-0.75,0.11,0.67,32,0.709
-0.76,0.23,0.6,31.8,0.709
-0.74,0.4,0.6,32,0.701
-0.93,0.5,0.46,31.8,0.701
-0.83,0.5,0.43,31.8,0.701
-0.7,0.45,0.16,31.8,0.696
-0.84,0.59,0.34,32,0.694
-0.9,0.51,0.49,31.8,0.691
-0.85,0.35,0.5,31.8,0.689
-0.89,0.56,0.53,31.8,0.691
-0.89,0.55,0.41,32,0.691
-0.93,0.5,0.43,32,0.686
-0.81,0.73,0.35,31.8,0.684
-0.8,0.46,0.51,31.8,0.682
-0.83,0.41,0.48,31.8,0.677
-0.88,0.67,0.51,31.8,0.677
-0.95,0.52,0.31,31.8,0.674
-0.88,0.48,0.47,31.8,0.672
-0.87,0.59,0.44,31.8,0.67
-0.91,0.5,0.3,31.8,0.67
-0.88,0.55,0.36,31.8,0.667
-0.89,0.51,0.36,32,0.667
-0.9,0.5,0.46,32,0.669
-0.9,0.65,0.38,32,0.663
-0.86,0.5,0.39,31.8,0.66
-0.85,0.58,0.51,32,0.653
-0.84,0.53,0.41,32,0.645
-0.84,0.56,0.5,31.8,0.641
-0.88,0.38,0.48,31.8,0.64
-0.86,0.6,0.47,31.8,0.636
-0.83,0.52,0.59,31.8,0.633
-0.87,0.51,0.58,32,0.626
-0.89,0.42,0.55,31.8,0.619
-0.89,0.52,0.5,31.8,0.624
-0.85,0.52,0.67,31.8,0.629
-0.89,0.43,0.56,31.8,0.636
-0.94,0.58,0.43,31.8,0.636
-0.83,0.44,0.6,31.8,0.636
-0.85,0.37,0.66,31.8,0.64
-0.88,0.46,0.55,31.8,0.64
-0.87,0.45,0.6,31.8,0.638
-0.88,0.43,0.62,31.8,0.64
-0.89,0.48,0.54,32,0.638
-0.87,0.44,0.56,31.8,0.64
-0.85,0.45,0.65,31.8,0.644
-0.87,0.45,0.59,31.8,0.638
-0.89,0.45,0.57,31.8,0.638
-0.87,0.46,0.61,31.8,0.638
-0.86,0.44,0.61,32,0.638
-0.86,0.45,0.6,31.8,0.638
-0.88,0.45,0.56,31.8,0.64
-0.86,0.46,0.65,31.8,0.64
-0.86,0.45,0.64,31.8,0.64
-0.86,0.44,0.65,32,0.638
-0.88,0.44,0.58,31.8,0.638
-0.85,0.42,0.66,31.8,0.64
-0.85,0.42,0.62,31.8,0.638
-0.87,0.44,0.59,31.8,0.638
-0.88,0.43,0.65,31.8,0.638
-0.87,0.44,0.6,32,0.634
-0.87,0.46,0.6,31.8,0.636
-0.87,0.44,0.6,31.8,0.638
-0.86,0.44,0.63,31.8,0.634
-0.87,0.43,0.61,32,0.634
-0.85,0.46,0.61,32,0.633
-0.87,0.43,0.63,31.8,0.631
-0.86,0.42,0.56,31.8,0.633
-0.77,0.45,0.62,31.8,0.631
-0.79,0.4,0.61,31.8,0.631
-0.78,0.42,0.6,31.8,0.629
-0.92,0.36,0.7,31.8,0.629
-1,0.43,0.63,31.8,0.631
-1,0.24,0.67,31.8,0.636
-0.95,0.4,0.68,31.8,0.636
-0.95,0.36,0.6,31.8,0.638
-0.86,0.13,0.81,31.8,0.638
-0.94,0.16,0.67,31.8,0.64
-0.78,0.24,0.78,31.8,0.638
-0.88,0.27,0.68,31.8,0.645
-0.92,0.11,0.78,31.8,0.647
-0.99,0.31,0.56,31.8,0.645
-0.98,0.27,0.56,31.8,0.65
-0.94,0.07,0.62,31.8,0.648
-0.94,0.24,0.76,31.8,0.65
-0.99,0.22,0.59,31.8,0.654
-0.85,0.22,0.68,31.8,0.655
-0.92,0.17,0.66,31.8,0.655
-0.95,0.14,0.66,32,0.655
-0.97,0.19,0.56,32,0.653
-0.98,-0.03,0.65,31.8,0.653
-0.96,0.06,0.61,31.8,0.647
-1,0.13,0.62,31.8,0.645
-0.9,-0.13,0.83,31.8,0.64
-0.92,0.29,0.61,31.8,0.669
-0.88,-0.03,0.69,31.8,0.684
-0.77,0.03,0.7,31.8,0.692
-0.97,0.14,0.53,31.8,0.709
-0.67,-0.09,0.51,31.8,0.721
-0.72,0.12,0.74,31.8,0.729
-0.74,0.18,0.7,31.8,0.736
-0.72,0.19,0.65,31.8,0.737
-0.57,0.16,0.35,31.8,0.737
-0.64,0.59,0.06,31.8,0.744
-0.52,0.58,-0.09,31.8,0.742
-0.1,1.09,-0.61,31.8,0.742
0.24,1.26,0.29,31.8,0.742
0.2,2.02,-0.04,31.8,0.742
0.12,0.61,0.12,31.8,0.747
0.15,0.89,0.54,31.8,0.745
0.18,1.26,0.53,31.8,0.744
0.15,0.84,0.66,32,0.744
0.13,0.91,0.5,31.8,0.744
0.15,1,0.45,31.8,0.742
0.13,0.92,0.48,31.8,0.739
0.13,1,0.49,31.8,0.737
0.13,0.95,0.48,31.8,0.737
0.12,0.96,0.48,31.8,0.737
0.13,0.96,0.48,31.8,0.736
0.11,0.96,0.47,31.8,0.734
0.11,0.97,0.47,31.8,0.736
0.12,0.97,0.47,31.8,0.731
0.12,0.96,0.47,31.8,0.729
0.12,0.96,0.47,31.8,0.731
0.12,0.97,0.47,31.8,0.729
0.12,0.97,0.48,31.8,0.724
0.12,0.97,0.47,31.8,0.722
0.12,0.97,0.47,31.8,0.724
0.12,0.97,0.48,31.8,0.719
0.12,0.97,0.47,31.8,0.719
0.13,0.97,0.48,31.8,0.716
0.12,0.98,0.48,31.8,0.719
0.11,0.97,0.48,31.8,0.711
0.12,0.97,0.49,31.8,0.711
0.12,0.97,0.47,31.8,0.711
0.12,0.97,0.48,31.8,0.711
0.12,0.96,0.48,31.8,0.713
0.12,0.97,0.48,31.8,0.709
0.12,0.97,0.47,31.8,0.709
0.12,0.96,0.47,31.8,0.709
0.12,0.96,0.48,31.8,0.709
0.13,0.97,0.48,31.8,0.709
0.13,0.96,0.48,31.8,0.707
0.13,0.96,0.48,31.8,0.706
0.13,0.96,0.49,31.8,0.701
0.17,0.98,0.49,31.8,0.704
0.16,0.95,0.5,31.8,0.704
0.2,0.98,0.51,31.8,0.706
0.17,0.93,0.52,31.8,0.706
0.14,1.02,0.51,31.8,0.704
0.08,0.97,0.44,31.8,0.706
0.04,1.01,0.4,31.8,0.701
0,0.98,0.35,31.8,0.704
0,0.93,0.42,31.8,0.706
0,0.94,0.43,31.8,0.706
0.01,0.99,0.47,31.8,0.707
0,0.93,0.41,31.8,0.704
-0.04,0.91,0.42,31.8,0.704
0.05,1,0.4,31.8,0.709
0.06,0.88,0.53,31.8,0.701
0.07,1.08,0.4,31.8,0.706
0.1,0.81,0.5,31.8,0.701
0.14,0.99,0.56,31.8,0.699
0.15,1.01,0.6,31.8,0.699
0.16,0.93,0.6,31.8,0.701
0.14,0.91,0.55,31.8,0.699
0.15,0.98,0.53,31.8,0.701
0.13,0.94,0.56,31.8,0.701
0.09,0.89,0.58,31.8,0.696
0.07,1.02,0.56,31.8,0.696
0.09,0.92,0.32,31.8,0.698
0.13,0.93,0.32,31.8,0.698
0.14,0.95,0.57,31.8,0.698
0.11,0.93,0.61,31.8,0.698
0.09,0.97,0.61,31.8,0.689
0.12,0.9,0.53,31.8,0.689
0.11,0.93,0.54,31.8,0.691
0.1,0.93,0.59,31.8,0.691
0.11,0.93,0.58,31.8,0.689
0.13,0.95,0.55,31.8,0.684
0.08,0.95,0.56,31.8,0.689
0.09,0.94,0.52,31.8,0.684
0.11,0.95,0.52,31.8,0.684
0.14,0.96,0.52,31.8,0.686
0.13,0.95,0.5,31.8,0.686
0.07,0.97,0.5,31.8,0.684
0.11,0.96,0.5,31.8,0.684
0.09,0.96,0.51,31.8,0.686
0.1,0.96,0.5,31.8,0.686
0.08,0.92,0.5,31.8,0.682
0.09,1.05,0.49,31.8,0.684
0.1,1,0.51,31.8,0.677
0.15,0.97,0.45,31.8,0.679
0.08,0.97,0.5,31.8,0.679
0.09,0.99,0.54,31.8,0.677
0.08,0.86,0.47,31.8,0.677
0.12,1.03,0.52,31.8,0.679
0.06,0.99,0.49,31.8,0.674
0.06,0.95,0.48,31.8,0.674
0.08,0.93,0.47,31.8,0.676
0.08,0.97,0.52,31.8,0.676
0.08,0.98,0.49,31.8,0.674
0.05,0.96,0.48,31.8,0.67
0.06,0.98,0.5,31.8,0.672
0.07,0.96,0.5,31.8,0.674
0.07,0.97,0.49,31.8,0.672
0.08,0.97,0.5,31.8,0.667
0.08,0.96,0.5,31.8,0.667
0.07,0.97,0.5,31.8,0.669
0.07,0.96,0.49,31.8,0.667
0.08,0.97,0.5,31.8,0.669
0.07,0.97,0.5,31.8,0.669
0.07,0.96,0.49,31.8,0.669
0.07,0.97,0.5,31.8,0.667
0.07,0.97,0.5,31.8,0.667
0.08,0.96,0.5,31.8,0.669
0.08,0.97,0.5,31.8,0.669
0.07,0.97,0.5,31.8,0.667
0.07,0.97,0.5,31.8,0.669
0.07,0.97,0.5,31.8,0.667
0.08,0.96,0.5,31.8,0.667
0.06,0.96,0.5,31.8,0.667
0.07,0.97,0.5,31.8,0.667
0.07,0.97,0.5,31.8,0.663
0.06,0.96,0.5,31.8,0.663
0.08,0.97,0.5,31.8,0.663
0.08,0.96,0.5,31.8,0.663
0.07,0.96,0.5,31.8,0.664
0.07,0.96,0.5,31.8,0.663
0.07,0.96,0.5,31.8,0.662
0.08,0.96,0.5,31.8,0.66
0.08,0.97,0.5,31.8,0.66
0.07,0.96,0.5,31.8,0.66
0.07,0.96,0.5,31.8,0.662
0.07,0.97,0.5,31.8,0.662
0.07,0.96,0.5,31.8,0.655
0.08,0.97,0.5,31.8,0.66
0.07,0.96,0.49,31.8,0.657
0.07,0.97,0.5,31.8,0.655
0.07,0.96,0.49,31.8,0.657
0.07,0.97,0.5,31.8,0.657
0.07,0.97,0.5,31.8,0.657
0.07,0.96,0.5,31.8,0.655
0.08,0.97,0.5,31.8,0.653
0.07,0.96,0.49,31.8,0.654
0.07,0.97,0.5,31.8,0.654
0.07,0.96,0.5,31.8,0.654
0.08,0.97,0.5,31.8,0.654
0.07,0.97,0.5,31.8,0.65
0.07,0.96,0.49,31.8,0.65
0.08,0.97,0.5,31.8,0.648
0.08,0.96,0.5,31.8,0.645
0.08,0.97,0.5,31.8,0.647
0.08,0.96,0.5,31.8,0.647
0.08,0.96,0.5,31.8,0.647
0.08,0.96,0.5,31.8,0.645
0.08,0.97,0.5,31.8,0.645
0.08,0.96,0.5,31.8,0.645
0.08,0.97,0.5,31.8,0.643
0.07,0.96,0.5,31.8,0.641
0.08,0.96,0.5,31.8,0.64
0.08,0.97,0.5,31.8,0.638
0.07,0.96,0.49,31.8,0.638
0.07,0.97,0.5,31.8,0.64
0.08,0.96,0.5,31.8,0.64
0.08,0.97,0.5,31.8,0.638
0.07,0.96,0.49,31.8,0.64
0.08,0.97,0.5,31.8,0.638
0.08,0.97,0.5,31.8,0.64
0.07,0.96,0.5,31.8,0.64
0.07,0.97,0.5,31.8,0.64
0.07,0.96,0.5,31.8,0.64
0.07,0.97,0.5,31.8,0.638
0.07,0.97,0.5,31.8,0.64
0.07,0.97,0.5,31.8,0.64
0.07,0.96,0.49,31.8,0.64
0.07,0.97,0.5,31.8,0.64
0.08,0.95,0.49,31.8,0.638
0.07,0.97,0.5,31.8,0.634
0.05,0.98,0.5,31.8,0.638
0.06,0.96,0.49,31.8,0.64
0.07,0.99,0.5,31.8,0.638
0.07,0.96,0.49,31.8,0.638
0.06,0.97,0.5,31.8,0.638
0.06,0.96,0.49,31.8,0.638
0.06,0.97,0.49,31.8,0.638
0.07,0.96,0.49,31.8,0.638
0.07,0.96,0.5,31.8,0.64
0.07,0.98,0.5,31.8,0.64
0.07,0.96,0.49,31.8,0.638
0.08,0.97,0.5,31.8,0.638
0.07,0.97,0.49,31.8,0.638
0.07,0.97,0.49,31.8,0.638
0.07,0.97,0.5,31.8,0.64
0.08,0.97,0.49,31.8,0.641
0.07,0.97,0.48,31.8,0.645
0.07,0.97,0.49,31.8,0.645
0.08,0.97,0.48,31.8,0.647
0.08,0.97,0.49,31.8,0.648
0.07,0.97,0.48,31.8,0.65
0.07,0.97,0.49,31.8,0.654
0.07,0.97,0.48,31.8,0.655
0.08,0.97,0.5,31.8,0.653
0.08,0.97,0.49,31.8,0.655
0.08,0.96,0.49,31.8,0.655
0.08,0.97,0.49,31.8,0.662
0.07,0.96,0.5,31.8,0.663
0.07,0.98,0.5,31.8,0.663
0.08,0.97,0.48,31.8,0.667
0.07,0.97,0.49,31.8,0.669
0.07,0.96,0.49,31.8,0.667
0.06,0.97,0.49,31.8,0.67
0.07,0.97,0.49,31.8,0.67
0.06,0.97,0.49,31.8,0.676
0.06,0.97,0.49,31.8,0.674
0.06,0.96,0.49,31.8,0.677
0.06,0.97,0.5,31.8,0.684
0.06,0.97,0.48,31.8,0.686
0.06,0.97,0.48,31.8,0.686
0.06,0.97,0.49,31.8,0.686
0.06,0.97,0.49,31.8,0.686
0.06,0.97,0.49,31.8,0.691
0.06,0.97,0.5,31.8,0.689
0.06,0.97,0.49,31.8,0.689
0.07,0.98,0.49,31.8,0.692
0.07,0.97,0.48,31.8,0.698
0.06,0.97,0.5,31.8,0.696
0.06,0.96,0.49,31.8,0.701
0.06,0.96,0.48,31.8,0.699
0.08,0.97,0.5,31.8,0.704
0.06,0.96,0.49,31.8,0.707
0.06,0.97,0.49,31.8,0.709
0.05,0.97,0.49,31.8,0.713
0.07,0.97,0.49,31.8,0.713
0.07,0.97,0.49,31.8,0.711
0.06,0.96,0.49,31.8,0.711
0.05,0.97,0.5,31.8,0.713
0.07,0.97,0.49,31.8,0.713
0.06,0.97,0.5,31.8,0.711
0.06,0.96,0.5,31.8,0.713
0.06,0.97,0.49,31.8,0.714
0.07,0.97,0.49,31.8,0.721
0.06,0.97,0.5,31.8,0.719
0.06,0.96,0.49,31.8,0.721
0.06,0.97,0.5,31.8,0.719
0.06,0.97,0.49,31.8,0.721
0.06,0.97,0.49,31.8,0.724
0.06,0.97,0.49,31.8,0.724
0.06,0.96,0.5,31.8,0.722
0.06,0.97,0.5,31.8,0.724
0.06,0.97,0.48,31.8,0.729
0.06,0.98,0.49,31.8,0.729
0.07,0.97,0.5,31.8,0.729
0.05,0.97,0.5,31.8,0.727
0.07,0.97,0.49,31.8,0.731
0.06,0.97,0.49,31.8,0.727
0.06,0.97,0.48,31.8,0.729
0.06,0.97,0.5,31.8,0.727
0.06,0.97,0.49,31.8,0.731
0.07,0.97,0.5,31.8,0.729
0.06,0.97,0.49,31.8,0.729
0.06,0.97,0.5,31.8,0.727
0.07,0.97,0.5,31.8,0.727
0.05,0.97,0.5,31.8,0.727
0.06,0.96,0.5,31.8,0.724
0.06,0.97,0.5,31.8,0.724
0.07,0.97,0.49,31.8,0.724
0.06,0.96,0.49,31.8,0.719
0.06,0.96,0.5,31.8,0.724
0.06,0.96,0.49,31.8,0.721
0.07,0.97,0.5,31.8,0.719
0.07,0.96,0.5,31.8,0.719
0.06,0.97,0.49,31.8,0.721
0.06,0.97,0.49,31.8,0.714
0.07,0.97,0.5,31.8,0.713
0.07,0.97,0.51,31.8,0.713
0.06,0.97,0.5,31.8,0.711
0.06,0.97,0.49,31.8,0.713
0.07,0.97,0.5,31.8,0.713
0.06,0.97,0.5,31.8,0.711
0.08,0.96,0.5,31.8,0.713
0.06,0.97,0.5,31.8,0.709
0.06,0.97,0.5,31.8,0.711
0.07,0.96,0.48,31.8,0.709
0.06,0.96,0.5,31.8,0.711
0.07,0.96,0.5,31.8,0.707
0.05,0.97,0.5,31.8,0.707
0.07,0.96,0.5,31.8,0.713
0.06,0.97,0.5,31.8,0.713
0.06,0.96,0.49,31.8,0.713
0.06,0.97,0.5,31.8,0.711
0.07,0.96,0.5,31.8,0.711
0.07,0.98,0.5,31.6,0.711
0.06,0.93,0.47,31.8,0.714
0.07,1.06,0.54,31.8,0.711
-0.2,1.97,0.74,31.8,0.713
-0.35,1.7,0.32,31.8,0.719
-0.22,0.83,0.41,31.8,0.722
-0.18,0.46,0.24,31.8,0.727
-0.09,0.33,0.14,31.8,0.729
-0.05,0.46,0.42,31.8,0.737
-0.15,0.32,0.23,31.8,0.739
-0.08,0.6,0.2,31.8,0.742
0.14,0.3,0.36,31.8,0.744
-0.5,4.63,0.37,31.8,0.744
0.11,0.86,0.25,31.8,0.739
0.04,0.22,0.56,31.8,0.739
0,1.56,0.69,31.8,0.739
0.14,1.04,0.49,31.8,0.737
0.08,0.84,0.62,31.8,0.739
0.05,1.01,0.5,31.8,0.737
0.08,0.95,0.5,31.8,0.734
0.07,0.93,0.53,31.8,0.739
0.09,0.96,0.5,31.8,0.736
0.08,0.94,0.55,31.8,0.729
0.08,0.96,0.51,31.8,0.731
0.06,0.96,0.53,31.8,0.729
0.08,0.95,0.52,31.8,0.729
0.07,0.97,0.5,31.8,0.729
0.07,0.95,0.53,31.8,0.729
0.08,0.96,0.53,31.8,0.729
0.07,0.95,0.52,31.8,0.729
0.08,0.95,0.52,31.8,0.722
0.07,0.95,0.53,31.8,0.722
0.07,0.96,0.52,31.8,0.724
0.08,0.95,0.52,31.8,0.719
0.07,0.95,0.52,31.8,0.721
0.07,0.95,0.52,31.8,0.719
0.08,0.95,0.53,31.8,0.721
0.15,1,0.56,31.8,0.719
0.07,0.95,0.53,31.8,0.719
0.07,0.95,0.55,31.8,0.721
0.08,0.94,0.51,31.8,0.721
0.08,0.96,0.54,31.8,0.719
0.07,0.95,0.51,31.8,0.719
0.07,0.96,0.53,31.8,0.721
0.08,0.93,0.53,31.8,0.719
0.07,0.98,0.54,31.8,0.724
0.07,0.93,0.53,31.8,0.722
0.08,0.96,0.53,31.8,0.724
0.15,1.01,0.62,31.8,0.724
0.06,0.94,0.54,31.8,0.727
0.08,0.93,0.57,31.8,0.722
0.1,0.94,0.54,32,0.729
0.08,0.95,0.56,32,0.727
0.08,0.92,0.56,32,0.727
0.08,0.97,0.55,32,0.727
0.08,0.92,0.54,32,0.727
0.08,0.95,0.56,32,0.727
0.09,0.91,0.56,32,0.727
0.07,0.93,0.5,32,0.727
0.06,0.95,0.61,32,0.727
0.1,0.95,0.54,31.6,0.729
0.09,0.94,0.56,31.8,0.727
0.08,0.95,0.58,31.6,0.727
0.09,0.94,0.53,31.8,0.729
0.09,0.95,0.57,31.8,0.731
0.1,0.94,0.57,31.6,0.729
0.09,0.93,0.56,31.8,0.729
0.09,0.94,0.58,31.8,0.731
0.11,0.92,0.59,31.8,0.724
0.1,0.93,0.58,31.8,0.724
0.1,0.94,0.59,31.8,0.724
0.1,0.92,0.6,31.8,0.722
0.17,0.97,0.61,31.8,0.724
0.08,0.93,0.58,31.8,0.719
0.1,0.93,0.57,31.8,0.724
0.11,0.92,0.58,31.8,0.721
0.09,0.94,0.6,31.8,0.721
0.09,0.93,0.56,31.8,0.721
0.08,0.93,0.57,31.8,0.719
0.09,0.94,0.59,31.8,0.721
0.11,0.93,0.56,31.8,0.716
0.1,0.93,0.59,31.6,0.716
0.08,0.93,0.59,31.6,0.716
0.1,0.92,0.57,31.8,0.713
0.09,0.92,0.59,31.8,0.713
0.11,0.93,0.59,31.8,0.713
0.2,1.02,0.67,31.6,0.713
0.07,0.93,0.57,31.8,0.709
0.07,0.91,0.57,31.8,0.711
0.1,0.94,0.57,31.8,0.709
0.1,0.93,0.58,31.8,0.709
0.09,0.94,0.58,31.8,0.707
0.07,0.93,0.56,31.8,0.707
0.09,0.93,0.55,31.8,0.707
0.09,0.93,0.59,31.8,0.707
0.08,0.94,0.56,31.8,0.707
0.09,0.94,0.57,31.8,0.707
0.09,0.94,0.58,31.8,0.706
0.09,0.93,0.55,31.8,0.706
0.08,0.93,0.57,31.8,0.699
0.09,0.92,0.57,31.8,0.699
0.09,0.94,0.58,31.6,0.699
0.09,0.93,0.58,31.8,0.699
0.08,0.93,0.58,31.8,0.696
0.09,0.94,0.57,31.8,0.698
0.09,0.94,0.6,31.8,0.701
0.07,0.94,0.57,31.8,0.698
0.1,0.92,0.58,31.6,0.696
0.08,0.94,0.58,31.8,0.698
0.08,0.93,0.57,31.8,0.698
0.1,0.92,0.58,31.8,0.698
0.09,0.94,0.57,31.8,0.698
0.09,0.93,0.58,31.8,0.698
0.07,0.92,0.56,31.8,0.694
0.09,0.93,0.61,31.8,0.694
0.11,0.94,0.58,31.8,0.689
0.09,0.93,0.56,31.8,0.696
0.08,0.95,0.59,31.8,0.694
0.09,0.92,0.56,31.8,0.692
0.09,0.94,0.57,31.8,0.696
0.09,0.92,0.59,31.8,0.698
0.1,0.93,0.6,31.8,0.698
0.1,0.93,0.6,31.8,0.698
0.08,0.93,0.59,31.8,0.696
0.08,0.92,0.59,31.8,0.694
0.11,0.93,0.57,31.8,0.694
0.1,0.94,0.61,31.8,0.698
0.08,0.93,0.58,31.8,0.698
0.07,0.93,0.57,31.6,0.696
0.08,0.94,0.58,31.8,0.696
0.08,0.93,0.59,31.8,0.698
0.09,0.93,0.55,31.8,0.699
0.07,0.94,0.58,31.8,0.701
0.07,0.92,0.58,31.8,0.701
0.08,0.92,0.58,31.6,0.701
0.1,0.93,0.57,31.8,0.701
0.08,0.94,0.61,31.8,0.699
0.08,0.92,0.56,31.8,0.701
0.08,0.93,0.58,31.8,0.701
0.1,0.91,0.53,31.8,0.704
0.07,0.95,0.63,31.8,0.701
0.1,0.93,0.55,31.8,0.706
0.09,0.93,0.58,31.6,0.704
0.08,0.94,0.58,31.8,0.709
0.09,0.92,0.6,31.6,0.704
0.09,0.93,0.57,31.6,0.709
0.1,0.93,0.61,31.8,0.707
0.1,0.91,0.59,31.6,0.709
0.1,0.92,0.6,31.8,0.707
0.11,0.92,0.61,31.8,0.709
0.09,0.93,0.64,31.6,0.707
0.05,0.89,0.57,31.8,0.704
0.07,0.92,0.59,31.8,0.704
0.11,0.93,0.6,31.8,0.706
0.1,0.92,0.57,31.6,0.709
0.09,0.93,0.62,31.8,0.706
0.09,0.92,0.58,31.8,0.709
0.09,0.93,0.6,31.8,0.709
0.09,0.93,0.59,31.8,0.709
0.09,0.93,0.58,31.8,0.709
0.09,0.92,0.6,31.8,0.713
0.09,0.91,0.53,31.8,0.711
0.09,0.95,0.63,31.8,0.713
0.08,0.9,0.55,31.6,0.713
0.08,0.95,0.58,31.8,0.713
0.09,0.93,0.6,31.6,0.713
0.08,0.93,0.58,31.8,0.716
0.09,0.93,0.6,31.6,0.721
0.09,0.92,0.6,31.8,0.724
0.1,0.92,0.6,31.6,0.724
0.11,0.93,0.61,31.8,0.724
0.08,0.92,0.55,31.6,0.729
0.07,0.94,0.61,31.8,0.727
0.1,0.92,0.57,31.8,0.731
0.11,0.93,0.61,31.6,0.731
0.08,0.93,0.59,31.8,0.731
0.09,0.93,0.59,31.6,0.731
0.07,0.93,0.58,31.8,0.739
0.08,0.95,0.66,31.8,0.739
0.07,0.94,0.59,31.6,0.742
0.1,0.93,0.59,31.8,0.744
0.07,0.93,0.58,31.8,0.737
0.06,0.93,0.59,31.8,0.744
0.1,0.94,0.57,31.8,0.744
0.1,0.93,0.58,31.8,0.742
0.07,0.94,0.59,31.8,0.744
0.08,0.93,0.56,31.8,0.742
0.08,0.93,0.59,31.6,0.744
0.09,0.92,0.57,31.8,0.742
0.07,0.94,0.63,31.6,0.744
0.06,0.91,0.54,31.8,0.747
0.09,0.94,0.62,31.8,0.745
0.08,0.94,0.55,31.8,0.752
0.08,0.94,0.6,31.8,0.752
0.07,0.91,0.58,31.8,0.752
0.09,0.95,0.58,31.8,0.754
0.08,0.91,0.6,31.6,0.754
0.07,0.92,0.57,31.8,0.754
0.09,0.94,0.59,31.8,0.754
0.07,0.93,0.57,31.8,0.759
0.09,0.92,0.57,31.8,0.762
0.07,0.91,0.56,31.8,0.762
0.07,0.95,0.6,31.8,0.762
0.09,0.91,0.52,31.8,0.762
0.06,0.94,0.62,31.8,0.762
0.09,0.93,0.58,31.8,0.762
0.09,0.94,0.57,31.8,0.762
0.1,0.93,0.59,31.6,0.762
0.08,0.92,0.59,31.8,0.762
0.07,0.95,0.59,31.8,0.762
0.08,0.92,0.57,31.6,0.762
0.08,0.94,0.6,31.8,0.76
0.08,0.93,0.57,31.6,0.762
0.07,0.93,0.54,31.8,0.765
0.06,0.95,0.68,31.8,0.762
0.08,0.91,0.53,31.6,0.76
0.09,0.96,0.6,31.6,0.762
0.06,0.93,0.57,31.6,0.762
0.08,0.93,0.59,31.8,0.762
0.07,0.93,0.56,31.8,0.76
0.08,0.93,0.57,31.6,0.762
0.07,0.94,0.59,31.8,0.762
0.08,0.9,0.52,31.6,0.76
0.08,0.97,0.65,31.8,0.759
0.07,0.9,0.55,31.8,0.76
0.09,0.94,0.57,31.8,0.757
0.08,0.95,0.59,31.8,0.76
0.08,0.92,0.57,31.6,0.757
0.08,0.93,0.59,31.6,0.76
0.09,0.92,0.58,31.6,0.762
0.09,0.93,0.6,31.8,0.76
0.09,0.92,0.59,31.8,0.762
0.07,0.94,0.57,31.8,0.762
0.1,0.94,0.61,31.8,0.762
0.1,0.93,0.61,31.8,0.762
0.1,0.92,0.69,31.8,0.762
0.07,0.93,0.59,31.8,0.762
0.09,0.93,0.6,31.8,0.762
0.09,0.92,0.59,31.8,0.762
0.09,0.92,0.58,31.6,0.762
0.07,0.95,0.62,31.8,0.762
0.09,0.91,0.6,31.8,0.765
0.08,0.93,0.6,31.6,0.765
0.08,0.91,0.6,31.8,0.77
0.11,0.92,0.61,31.6,0.765
0.1,0.92,0.61,31.8,0.768
0.1,0.92,0.61,31.8,0.773
0.02,0.89,0.56,31.8,0.773
0.09,0.92,0.62,31.8,0.775
0.11,0.93,0.61,31.8,0.775
0.08,0.9,0.6,31.8,0.775
0.08,0.94,0.63,31.6,0.778
0.08,0.89,0.56,31.6,0.778
0.09,0.94,0.62,31.8,0.778
0.11,0.89,0.61,31.8,0.778
0.09,0.92,0.63,31.6,0.781
0.11,0.91,0.64,31.8,0.778
0.11,0.91,0.63,31.8,0.783
0.11,0.9,0.63,31.8,0.781
0.1,0.91,0.64,31.8,0.778
0.1,0.91,0.58,31.8,0.783
0.09,0.93,0.67,31.8,0.778
0.09,0.91,0.58,31.8,0.778
0.09,0.92,0.63,31.6,0.781
0.07,0.91,0.64,31.8,0.786
0.09,0.92,0.59,31.8,0.786
0.1,0.91,0.62,31.6,0.784
0.09,0.92,0.63,31.6,0.789
0.09,0.9,0.62,31.8,0.791
0.1,0.92,0.62,31.8,0.789
0.11,0.91,0.64,31.8,0.791
0.09,0.91,0.63,31.6,0.789
0.18,1,0.75,31.8,0.792
0.07,0.9,0.62,31.8,0.789
0.1,0.91,0.62,31.8,0.794
0.09,0.92,0.61,31.8,0.794
0.09,0.91,0.6,31.8,0.797
0.09,0.92,0.61,31.6,0.799
0.09,0.9,0.59,31.6,0.799
0.08,0.93,0.64,31.8,0.8
0.09,0.9,0.6,31.8,0.799
0.09,0.94,0.63,31.6,0.802
0.14,0.95,0.63,31.6,0.802
0.06,0.92,0.64,31.8,0.802
0.09,0.9,0.58,31.8,0.8
0.09,0.93,0.61,31.8,0.802
0.08,0.92,0.61,31.6,0.8
0.08,0.93,0.61,31.8,0.797
0.08,0.92,0.62,31.6,0.799
0.08,0.92,0.62,31.8,0.797
0.09,0.91,0.61,31.8,0.8
0.08,0.91,0.62,31.8,0.802
0.09,0.91,0.61,31.8,0.802
0.1,0.91,0.64,31.8,0.802
0.1,0.91,0.61,31.6,0.799
0.12,0.88,0.58,31.8,0.799
0.08,0.93,0.66,31.6,0.797
0.09,0.92,0.6,31.8,0.796
0.11,0.92,0.61,31.6,0.791
0.08,0.91,0.64,31.8,0.791
0.1,0.91,0.61,31.8,0.791
0.11,0.91,0.63,31.6,0.786
0.11,0.92,0.66,31.8,0.783
0.17,0.91,0.63,31.8,0.783
0.14,0.9,0.66,31.8,0.778
0.08,0.88,0.65,31.6,0.778
0.09,0.89,0.67,31.6,0.775
0.13,0.88,0.66,31.8,0.775
0.15,0.87,0.67,31.6,0.77
0.15,0.89,0.69,31.6,0.765
0.14,0.87,0.64,31.8,0.762
0.15,0.88,0.68,31.6,0.762
0.19,0.94,0.77,31.8,0.762
0.08,0.86,0.67,31.8,0.76
0.12,0.86,0.65,31.6,0.762
0.14,0.91,0.66,31.8,0.759
0.12,0.89,0.66,31.8,0.752
0.11,0.9,0.64,31.6,0.757
0.11,0.89,0.64,31.6,0.754
0.12,0.9,0.65,31.8,0.752
0.12,0.89,0.65,31.6,0.752
0.11,0.91,0.65,31.6,0.754
0.11,0.89,0.63,31.8,0.752
0.11,0.91,0.66,31.6,0.747
0.1,0.9,0.63,31.6,0.745
0.12,0.87,0.6,31.8,0.747
0.1,0.91,0.7,31.6,0.745
0.11,0.88,0.62,31.8,0.745
0.11,0.9,0.67,31.8,0.744
0.09,0.88,0.63,31.8,0.742
0.12,0.91,0.65,31.8,0.744
0.11,0.89,0.61,31.6,0.742
0.14,1.12,0.72,31.8,0.744
0.13,1.56,0.7,31.8,0.744
-0.09,1.57,0.52,31.6,0.739
-0.23,1.44,0.19,31.8,0.744
-0.37,0.82,0.37,31.6,0.744
-0.5,0.42,0.45,31.6,0.742
-0.62,0.05,0.53,31.8,0.742
-0.65,0.06,0.69,31.6,0.742
-0.69,-0.05,0.66,31.8,0.745
-0.77,0.24,0.64,31.8,0.747
-0.85,0.29,0.59,31.8,0.747
-0.85,0.2,0.84,31.6,0.747
-0.85,0.25,0.78,31.8,0.747
-0.82,0.14,0.77,31.6,0.752
-0.86,0.31,0.68,31.6,0.752
-0.89,0.07,0.73,31.8,0.75
-0.78,0.32,0.73,31.6,0.752
-0.85,0.13,0.59,31.6,0.752
-0.65,0.2,0.62,31.6,0.752
-0.64,0.07,0.73,31.6,0.752
-0.53,0,0.71,31.6,0.75
-0.64,0.17,0.65,31.6,0.75
-0.61,0.2,0.78,31.8,0.752
-0.34,0.4,0.32,31.8,0.75
-0.28,0.73,0.2,31.8,0.754
-0.05,1.23,0.03,31.6,0.752
0.16,4.69,0.39,31.8,0.757
0.17,1.02,0.18,31.8,0.752
0.16,0.66,0.48,31.8,0.76
0.12,1.08,0.9,31.8,0.76
0.09,0.93,0.67,31.6,0.757
0.06,0.87,0.56,31.6,0.762
0.05,0.98,0.5,31.8,0.759
0.08,0.92,0.56,31.8,0.762
0.08,0.95,0.63,31.6,0.762
0.06,0.92,0.56,31.6,0.762
0.07,0.94,0.58,31.6,0.762
0.08,0.93,0.59,31.6,0.767
0.07,0.94,0.58,31.6,0.765
0.07,0.93,0.58,31.8,0.775
0.07,0.93,0.58,31.8,0.776
0.08,0.93,0.58,31.6,0.783
0.08,0.93,0.58,31.6,0.784
0.07,0.93,0.58,31.8,0.789
0.07,0.94,0.57,31.8,0.799
0.07,0.94,0.57,31.6,0.805
0.07,0.94,0.57,31.8,0.808
0.07,0.93,0.58,31.8,0.816
0.07,0.94,0.58,31.6,0.821
0.07,0.93,0.59,31.8,0.831
0.08,0.93,0.58,31.8,0.834
0.08,0.93,0.58,31.6,0.84
0.06,0.93,0.58,31.6,0.845
0.07,0.93,0.58,31.8,0.848
0.07,0.93,0.58,31.8,0.851
0.08,0.93,0.57,31.8,0.854
0.08,0.93,0.58,31.6,0.859
0.08,0.93,0.59,31.6,0.865
0.07,0.93,0.58,31.6,0.865
0.08,0.93,0.58,31.8,0.865
0.09,0.93,0.59,31.6,0.865
0.08,0.93,0.58,31.6,0.873
0.08,0.93,0.58,31.6,0.873
0.09,0.93,0.59,31.8,0.873
0.09,0.93,0.58,31.8,0.87
0.09,0.93,0.59,31.8,0.873
0.1,0.93,0.59,31.6,0.87
0.09,0.93,0.59,31.6,0.87
0.09,0.92,0.59,31.8,0.879
0.09,0.93,0.6,31.8,0.87
0.09,0.93,0.6,31.6,0.876
0.09,0.92,0.59,31.8,0.876
0.09,0.92,0.61,31.6,0.879
0.09,0.92,0.59,31.6,0.873
0.09,0.93,0.59,31.6,0.87
0.08,0.9,0.61,31.6,0.873
0.09,0.94,0.67,31.6,0.87
0.1,0.88,0.62,31.6,0.87
0.09,0.9,0.68,31.8,0.865
0.09,0.9,0.64,31.8,0.865
0.11,0.91,0.65,31.8,0.865
0.07,0.91,0.65,31.6,0.857
0.11,0.9,0.63,31.6,0.856
0.07,0.91,0.65,31.6,0.856
0.09,0.9,0.62,31.6,0.854
0.08,0.93,0.66,31.6,0.848
0.1,0.89,0.63,31.6,0.845
0.09,0.91,0.63,31.6,0.848
0.08,0.91,0.64,31.6,0.84
0.08,0.89,0.63,31.6,0.84
0.1,0.9,0.65,31.8,0.843
0.09,0.91,0.64,31.6,0.832
0.1,0.9,0.65,31.6,0.834
0.09,0.9,0.64,31.6,0.831
0.08,0.91,0.61,31.6,0.831
0.09,0.91,0.66,31.6,0.821
0.09,0.92,0.63,31.6,0.821
0.09,0.91,0.64,31.8,0.823
0.08,0.91,0.64,31.6,0.821
0.08,0.9,0.63,31.8,0.821
0.09,0.91,0.64,31.8,0.821
0.08,0.9,0.64,31.8,0.816
0.09,0.91,0.64,31.6,0.818
0.07,0.9,0.61,31.6,0.816
0.08,0.91,0.64,31.8,0.81
0.09,0.9,0.63,31.8,0.81
0.09,0.92,0.63,31.6,0.81
0.08,0.91,0.64,31.6,0.805
0.09,0.91,0.63,31.6,0.807
0.09,0.91,0.64,31.8,0.805
0.09,0.91,0.62,31.6,0.805
0.09,0.91,0.63,31.6,0.805
0.1,0.91,0.63,31.8,0.805
0.09,0.92,0.64,31.6,0.8
0.09,0.9,0.62,31.8,0.8
0.08,0.91,0.64,31.8,0.8
0.09,0.91,0.63,31.8,0.802
0.09,0.91,0.63,31.8,0.8
0.08,0.91,0.63,31.8,0.797
0.09,0.91,0.62,31.6,0.802
0.09,0.9,0.64,31.6,0.802
0.09,0.91,0.64,31.6,0.799
0.09,0.91,0.63,31.8,0.797
0.09,0.91,0.64,31.8,0.799
0.09,0.91,0.63,31.8,0.797
0.09,0.91,0.65,31.6,0.797
0.09,0.91,0.64,31.6,0.799
0.09,0.9,0.63,31.8,0.794
0.08,0.92,0.63,31.6,0.797
0.08,0.9,0.63,31.8,0.792
0.08,0.91,0.63,31.6,0.794
0.08,0.9,0.64,31.8,0.794
0.09,0.91,0.64,31.6,0.794
0.08,0.91,0.64,31.8,0.791
0.09,0.91,0.64,31.6,0.791
0.08,0.91,0.64,31.8,0.789
0.08,0.91,0.63,31.8,0.791
0.09,0.91,0.63,31.6,0.789
0.09,0.91,0.63,31.8,0.791
0.09,0.91,0.63,31.6,0.791
0.08,0.91,0.64,31.8,0.786
0.08,0.91,0.64,31.8,0.786
0.09,0.9,0.64,31.8,0.786
0.09,0.91,0.63,31.8,0.786
0.09,0.91,0.64,31.8,0.784
0.08,0.91,0.64,31.8,0.786
0.08,0.91,0.63,31.8,0.786
0.08,0.91,0.64,31.8,0.783
0.08,0.91,0.63,31.6,0.783
0.09,0.9,0.64,31.8,0.778
0.08,0.92,0.63,31.6,0.781
0.09,0.9,0.64,31.6,0.781
0.08,0.91,0.64,31.6,0.776
0.08,0.9,0.63,31.8,0.778
0.09,0.91,0.64,31.8,0.778
0.08,0.91,0.64,31.8,0.776
0.09,0.9,0.64,31.8,0.775
0.08,0.91,0.64,31.8,0.776
0.08,0.91,0.62,31.8,0.773
0.08,0.91,0.64,31.8,0.776
0.08,0.91,0.63,31.6,0.778
0.08,0.9,0.64,31.8,0.778
0.09,0.91,0.63,31.6,0.778
0.08,0.9,0.64,31.8,0.776
0.08,0.9,0.64,31.8,0.775
0.09,0.91,0.63,31.8,0.773
0.09,0.91,0.64,31.6,0.775
0.09,0.91,0.63,31.6,0.773
0.08,0.9,0.63,31.6,0.773
0.08,0.91,0.63,31.8,0.776
0.08,0.9,0.64,31.8,0.775
0.09,0.9,0.64,31.6,0.775
0.08,0.91,0.64,31.8,0.773
0.08,0.91,0.63,31.6,0.773
0.08,0.91,0.64,31.6,0.773
0.08,0.9,0.63,31.8,0.775
0.08,0.91,0.64,31.8,0.775
0.08,0.91,0.63,31.6,0.775
0.08,0.9,0.63,31.6,0.773
0.08,0.92,0.64,31.6,0.775
0.08,0.9,0.64,31.8,0.775
0.08,0.92,0.64,31.6,0.773
0.09,0.91,0.63,31.6,0.773
0.08,0.91,0.64,31.8,0.77
0.08,0.9,0.62,31.6,0.775
0.08,0.9,0.64,31.6,0.775
0.08,0.91,0.64,31.8,0.775
0.08,0.91,0.64,31.8,0.773
0.08,0.9,0.64,31.8,0.775
0.09,0.91,0.62,31.6,0.773
0.09,0.91,0.64,31.6,0.776
0.07,0.9,0.63,31.6,0.781
0.07,0.91,0.63,31.8,0.786
0.08,0.9,0.63,31.8,0.784
0.09,0.91,0.64,31.8,0.791
0.09,0.91,0.64,31.6,0.792
0.08,0.9,0.63,31.8,0.802
0.09,0.92,0.64,31.6,0.807
0.09,0.9,0.64,31.6,0.81
0.09,0.91,0.64,31.8,0.816
0.09,0.91,0.64,31.8,0.823
0.08,0.91,0.64,31.6,0.829
0.08,0.91,0.64,31.6,0.84
0.08,0.91,0.63,31.8,0.84
0.08,0.9,0.64,31.6,0.853
0.09,0.92,0.63,31.8,0.854
0.07,0.9,0.62,31.8,0.862
0.08,0.92,0.65,31.8,0.868
0.1,0.9,0.63,31.6,0.873
0.08,0.9,0.64,31.8,0.87
0.08,0.91,0.64,31.8,0.876
0.09,0.91,0.65,31.6,0.873
0.09,0.9,0.63,31.6,0.879
0.09,0.91,0.64,31.8,0.882
0.09,0.91,0.64,31.6,0.879
0.09,0.91,0.64,31.8,0.882
0.09,0.9,0.64,31.6,0.879
0.09,0.91,0.63,31.6,0.882
0.08,0.9,0.64,31.6,0.882
0.09,0.9,0.63,31.6,0.879
0.09,0.91,0.64,31.8,0.882
0.08,0.9,0.62,31.8,0.882
0.09,0.91,0.65,31.8,0.879
0.09,0.91,0.64,31.6,0.882
0.08,0.91,0.63,31.8,0.882
0.08,0.91,0.64,31.6,0.87
0.09,0.9,0.64,31.8,0.873
0.08,0.91,0.63,31.8,0.873
0.08,0.9,0.64,31.6,0.873
0.09,0.91,0.64,31.6,0.873
0.08,0.91,0.63,31.6,0.87
0.08,0.91,0.64,31.6,0.865
0.08,0.91,0.64,31.8,0.865
0.08,0.9,0.64,31.6,0.862
0.08,0.91,0.64,31.6,0.859
0.08,0.91,0.63,31.8,0.856
0.09,0.91,0.63,31.8,0.856
0.08,0.9,0.63,31.8,0.848
0.08,0.91,0.64,31.6,0.845
0.08,0.9,0.63,31.6,0.845
0.08,0.9,0.64,31.8,0.845
0.08,0.91,0.62,31.8,0.84
0.08,0.91,0.64,31.8,0.84
0.08,0.91,0.63,31.8,0.843
0.08,0.91,0.63,31.8,0.834
0.08,0.91,0.63,31.8,0.84
0.08,0.9,0.63,31.6,0.834
0.09,0.91,0.64,31.8,0.834
0.08,0.91,0.63,31.8,0.834
0.08,0.9,0.64,31.8,0.834
0.08,0.91,0.64,31.8,0.832
0.08,0.9,0.63,31.8,0.834
0.08,0.91,0.64,31.6,0.832
0.08,0.9,0.63,31.6,0.834
0.08,0.91,0.64,31.8,0.832
0.08,0.92,0.63,31.6,0.834
0.08,0.9,0.64,31.6,0.834
0.08,0.91,0.63,31.8,0.834
0.07,0.91,0.63,31.8,0.829
0.08,0.91,0.63,31.6,0.829
0.08,0.91,0.63,31.8,0.831
0.08,0.91,0.63,31.6,0.831
0.07,0.91,0.63,31.6,0.832
0.08,0.91,0.65,31.8,0.831
0.08,0.91,0.63,31.6,0.829
0.08,0.91,0.63,31.6,0.829
0.08,0.91,0.63,31.8,0.831
0.08,0.91,0.63,31.6,0.824
0.08,0.91,0.64,31.6,0.826
0.08,0.91,0.62,31.6,0.831
0.09,0.9,0.64,31.6,0.829
0.08,0.91,0.63,31.6,0.824
0.08,0.91,0.63,31.6,0.821
0.09,0.91,0.64,31.8,0.821
0.08,0.91,0.63,31.6,0.823
0.09,0.91,0.64,31.6,0.823
0.08,0.91,0.63,31.6,0.821
0.09,0.91,0.65,31.6,0.821
0.09,0.91,0.63,31.6,0.821
0.08,0.91,0.64,31.6,0.818
0.08,0.91,0.63,31.8,0.816
0.08,0.91,0.63,31.8,0.816
0.09,0.9,0.63,31.6,0.818
0.08,0.91,0.63,31.6,0.816
0.08,0.91,0.64,31.6,0.816
0.08,0.91,0.64,31.8,0.816
0.08,0.91,0.63,31.8,0.818
0.09,0.91,0.63,31.8,0.813
0.08,0.91,0.64,31.6,0.815
0.09,0.91,0.64,31.8,0.808
0.08,0.91,0.63,31.6,0.815
0.08,0.91,0.64,31.8,0.813
0.08,0.91,0.63,31.6,0.815
0.08,0.9,0.63,31.8,0.81
0.08,0.91,0.64,31.8,0.808
0.08,0.9,0.63,31.8,0.81
0.08,0.91,0.64,31.8,0.81
0.08,0.91,0.62,31.8,0.81
0.08,0.91,0.64,31.6,0.81
0.09,0.9,0.63,31.6,0.81
0.08,0.91,0.63,31.6,0.81
0.08,0.91,0.64,31.8,0.808
0.08,0.9,0.63,31.8,0.81
0.08,0.91,0.64,31.6,0.81
0.07,0.91,0.63,32,0.81
0.08,0.9,0.64,32,0.81
0.08,0.9,0.63,32,0.808
0.07,0.9,0.64,32,0.808
0.07,0.91,0.63,32,0.808
0.08,0.9,0.63,32,0.808
0.08,0.91,0.64,32,0.807
0.07,0.91,0.63,32,0.81
0.08,0.9,0.64,32,0.805
0.08,0.91,0.63,32,0.808
0.08,0.91,0.64,32,0.807
0.08,0.91,0.64,31.8,0.808
0.08,0.9,0.63,31.8,0.81
0.08,0.91,0.64,31.6,0.81
0.08,0.9,0.64,31.8,0.81
0.08,0.91,0.64,31.6,0.81
0.08,0.91,0.63,31.8,0.807
0.08,0.9,0.63,31.6,0.81
0.08,0.91,0.63,31.6,0.802
0.08,0.9,0.63,31.6,0.802
0.08,0.9,0.64,31.6,0.802
0.08,0.92,0.62,31.8,0.802
0.08,0.9,0.64,31.6,0.802
0.09,0.91,0.63,31.6,0.802
0.07,0.91,0.63,31.8,0.802
0.08,0.91,0.63,31.6,0.802
0.08,0.91,0.63,31.6,0.802
0.08,0.91,0.63,31.8,0.799
0.08,0.91,0.63,31.8,0.799
0.08,0.91,0.63,31.6,0.799
0.08,0.9,0.63,31.8,0.799
0.08,0.91,0.64,31.8,0.799
0.08,0.91,0.64,31.6,0.799
0.08,0.91,0.63,31.6,0.794
0.08,0.91,0.64,31.8,0.794
0.08,0.91,0.63,31.6,0.794
0.1,0.94,0.63,31.6,0.791
0.2,1.17,0.74,31.8,0.791
0.1,1.24,0.64,31.8,0.791
-0.12,1.41,0.93,31.8,0.791
-0.36,1.05,0.6,31.6,0.791
-0.46,0.61,0.77,31.6,0.791
-0.47,0.26,1.02,31.6,0.791
-0.57,0.26,0.95,31.8,0.778
-0.67,-0.42,0.99,31.8,0.762
-0.85,-0.1,0.65,31.6,0.721
-0.83,-0.19,0.37,31.8,0.673
-0.84,-0.25,0.5,31.6,0.64
-0.9,-0.29,0.3,31.6,0.643
-1,0.01,0.44,31.6,0.669
-0.96,-0.14,0.46,31.6,0.686
-0.85,-0.2,0.23,31.6,0.704
-0.8,-0.23,0.76,31.8,0.731
-1.04,-0.12,0.21,31.6,0.744
-1,0.07,0.36,31.6,0.747
-1.07,0.01,0.26,31.8,0.744
-1.07,0,0.22,31.6,0.744
-1.09,-0.09,0.34,31.6,0.747
-1.13,-0.02,0.15,31.8,0.747
-1.06,0,0.25,31.6,0.754
-1.03,0,0.34,31.6,0.752
-1.06,-0.06,0.26,31.8,0.754
-1.02,0.02,0.31,31.6,0.762
-0.97,0.22,0.02,31.6,0.778
-0.91,0,-0.16,31.6,0.786
-0.79,0.08,0.27,31.6,0.799
-0.67,-0.41,0.9,31.6,0.802
-0.35,0.62,1.48,31.8,0.815
-0.47,0.45,0.92,31.8,0.818
-0.34,0.2,1.61,31.8,0.818
-0.34,0.18,1.41,31.6,0.823
-0.23,0.15,1.3,31.8,0.824
-0.22,0.4,1.2,31.6,0.829
-0.24,0.33,1.13,31.6,0.837
-0.22,0.38,1.09,31.8,0.843
-0.21,0.47,1.06,31.8,0.845
-0.23,0.44,1.16,31.8,0.854
-0.2,0.42,1.13,31.8,0.868
-0.18,0.79,1.17,31.8,0.876
0,0.53,1,31.8,0.884
0.18,0.55,0.83,31.6,0.893
0.33,0.5,0.91,31.8,0.902
0.58,-0.07,1.01,31.6,0.91
0.29,1.24,1.56,31.8,0.919
0.1,0.91,0.25,31.8,0.928
0.06,0.81,0.45,31.6,0.928
0.05,0.99,0.68,31.8,0.933
0.08,0.9,0.67,31.8,0.936
0.14,0.88,0.64,31.6,0.942
0.11,0.92,0.63,31.8,0.942
0.12,0.87,0.63,31.8,0.945
0.11,0.88,0.67,31.8,0.954
0.11,0.9,0.75,31.8,0.954
0.12,0.86,0.7,31.8,0.954
0.12,0.88,0.66,31.8,0.96
0.16,0.88,0.68,31.6,0.966
0.12,0.88,0.67,31.6,0.972
0.13,0.88,0.67,31.6,0.972
0.12,0.88,0.65,31.6,0.981
0.12,0.88,0.67,31.6,0.981
0.12,0.89,0.67,31.8,0.981
0.12,0.88,0.66,31.6,0.984
0.12,0.9,0.67,31.8,0.99
0.11,0.88,0.66,31.6,0.99
0.12,0.89,0.67,31.8,0.99
0.13,0.88,0.66,31.8,0.99
0.14,0.86,0.63,31.6,0.99
0.12,0.88,0.68,31.8,0.996
0.13,0.89,0.67,31.6,1
0.12,0.89,0.66,31.8,0.996
0.13,0.88,0.67,31.8,1
0.12,0.89,0.66,31.8,0.996
0.12,0.89,0.66,31.8,1
0.13,0.89,0.66,31.6,1
0.12,0.89,0.66,31.8,1
0.12,0.89,0.67,31.8,1
0.12,0.89,0.65,31.6,1
0.12,0.89,0.66,31.8,0.996
0.12,0.89,0.65,31.8,0.996
0.12,0.89,0.66,31.8,0.993
0.12,0.89,0.66,31.6,0.996
0.12,0.89,0.66,31.8,0.993
0.12,0.88,0.65,31.8,1
0.12,0.9,0.66,31.8,0.996
0.12,0.89,0.67,31.6,0.996
0.12,0.89,0.66,31.6,1
0.19,0.93,0.7,31.8,1
0.12,0.89,0.68,31.8,0.996
0.13,0.89,0.65,31.8,1.006
0.12,0.89,0.65,31.8,1
0.12,0.89,0.65,31.6,1.008
0.12,0.89,0.65,31.6,1.008
0.12,0.89,0.65,31.8,1.008
0.12,0.89,0.66,31.6,1.014
0.12,0.89,0.66,31.6,1.012
0.12,0.88,0.66,31.8,1.018
0.12,0.9,0.66,31.8,1.014
0.12,0.88,0.66,31.8,1.014
0.12,0.9,0.66,31.6,1.018
0.12,0.88,0.66,31.8,1.018
0.13,0.9,0.66,31.8,1.014
0.12,0.89,0.65,31.8,1.014
0.12,0.88,0.66,31.8,1.008
0.12,0.89,0.67,31.8,1.008
0.12,0.89,0.64,31.6,1.006
0.14,0.89,0.68,31.8,1.006
0.13,0.89,0.65,31.8,1.002
0.13,0.9,0.67,31.6,1.006
0.13,0.89,0.67,31.8,1
0.13,0.89,0.67,31.6,1
0.13,0.89,0.66,31.6,0.996
0.13,0.88,0.66,31.8,0.996
0.16,0.94,0.73,31.6,0.996
0.13,0.89,0.7,31.8,0.99
0.14,0.89,0.68,31.6,0.99
0.13,0.88,0.65,31.6,0.99
0.13,0.88,0.66,31.6,0.99
0.13,0.9,0.66,31.6,0.981
0.13,0.88,0.66,31.6,0.981
0.13,0.89,0.66,31.8,0.981
0.12,0.89,0.65,31.8,0.972
0.13,0.88,0.66,31.8,0.969
0.12,0.89,0.65,31.8,0.972
0.13,0.89,0.66,31.8,0.969
0.12,0.89,0.66,31.8,0.963
0.12,0.88,0.65,31.6,0.957
0.12,0.89,0.67,31.6,0.96
0.12,0.89,0.65,31.8,0.96
0.13,0.89,0.65,31.6,0.954
0.12,0.89,0.66,31.8,0.954
0.13,0.89,0.66,31.8,0.954
0.11,0.89,0.63,31.8,0.951
0.12,0.89,0.66,31.8,0.945
0.12,0.9,0.65,31.6,0.945
0.12,0.89,0.66,31.8,0.945
0.12,0.89,0.65,31.8,0.942
0.12,0.89,0.65,31.8,0.945
0.12,0.89,0.66,31.6,0.939
0.14,0.87,0.63,31.8,0.945
0.12,0.89,0.67,31.8,0.945
0.13,0.89,0.65,31.8,0.945
0.12,0.89,0.66,31.8,0.945
0.12,0.89,0.65,31.8,0.948
0.12,0.89,0.65,31.6,0.954
0.13,0.89,0.65,31.6,0.954
0.12,0.89,0.65,31.6,0.954
0.12,0.89,0.66,31.8,0.96
0.12,0.89,0.66,31.6,0.963
0.12,0.89,0.66,31.8,0.963
0.12,0.89,0.65,31.8,0.969
0.12,0.9,0.65,31.8,0.972
0.13,0.89,0.66,31.6,0.978
0.12,0.89,0.65,31.8,0.978
0.12,0.89,0.66,31.8,0.981
0.12,0.89,0.65,31.8,0.984
0.13,0.89,0.65,31.8,0.99
0.12,0.89,0.66,31.8,0.987
0.12,0.89,0.66,31.8,0.99
0.13,0.89,0.66,31.8,0.99
0.13,0.89,0.66,31.6,0.99
0.12,0.89,0.65,31.6,0.987
0.13,0.89,0.65,31.6,0.99
0.13,0.88,0.66,31.8,0.99
0.13,0.89,0.66,31.8,0.996
0.12,0.89,0.66,31.6,0.987
0.13,0.89,0.67,31.8,0.99
0.13,0.89,0.66,31.8,0.99
0.13,0.89,0.66,31.6,0.99
0.13,0.89,0.66,31.8,0.987
0.12,0.89,0.64,31.8,0.99
0.13,0.89,0.66,31.8,0.99
0.12,0.89,0.65,31.8,0.981
0.12,0.89,0.66,31.8,0.981
0.12,0.89,0.66,31.6,0.981
0.12,0.89,0.66,31.6,0.981
0.12,0.89,0.66,31.8,0.981
0.12,0.89,0.64,31.8,0.978
0.12,0.9,0.66,31.8,0.972
0.12,0.89,0.65,31.8,0.969
0.13,0.89,0.66,31.8,0.969
0.12,0.89,0.66,31.6,0.969
0.12,0.89,0.65,31.8,0.969
0.12,0.9,0.66,31.8,0.963
0.12,0.89,0.65,31.6,0.96
0.12,0.89,0.66,31.6,0.96
0.12,0.89,0.66,31.8,0.954
0.13,0.89,0.65,31.8,0.951
0.11,0.89,0.66,31.6,0.954
0.11,0.89,0.66,31.8,0.954
0.12,0.89,0.66,31.8,0.945
0.14,0.89,0.64,31.8,0.945
0.13,0.89,0.65,31.8,0.945
0.12,0.89,0.65,31.8,0.942
0.13,0.89,0.67,31.8,0.942
0.13,0.89,0.66,31.8,0.942
0.12,0.88,0.66,31.6,0.942
0.13,0.89,0.66,31.6,0.936
0.13,0.89,0.66,31.8,0.933
0.14,0.89,0.66,31.8,0.933
0.14,0.88,0.66,31.8,0.933
0.13,0.89,0.66,31.6,0.931
0.14,0.89,0.67,31.6,0.933
0.14,0.88,0.65,31.8,0.933
0.15,0.88,0.67,31.8,0.933
0.14,0.88,0.66,31.8,0.933
0.15,0.89,0.65,31.6,0.928
0.15,0.89,0.65,31.6,0.928
0.15,0.89,0.66,31.8,0.925
0.15,0.88,0.66,31.8,0.928
0.15,0.88,0.66,31.8,0.928
0.16,0.88,0.66,31.8,0.925
0.15,0.89,0.66,31.8,0.928
0.15,0.88,0.65,31.6,0.928
0.16,0.88,0.65,31.8,0.928
0.18,0.88,0.67,31.8,0.925
0.18,0.88,0.66,31.8,0.925
0.2,0.87,0.65,31.8,0.919
0.17,0.86,0.7,31.6,0.919
0.17,0.86,0.66,31.6,0.919
0.17,0.87,0.7,31.6,0.919
0.17,0.86,0.66,31.8,0.919
0.19,0.87,0.68,31.6,0.916
0.17,0.87,0.68,31.8,0.919
0.17,0.87,0.68,31.8,0.919
0.18,0.87,0.68,31.8,0.928
0.16,0.85,0.64,31.6,0.925
0.17,0.87,0.69,31.6,0.928
0.16,0.87,0.66,31.6,0.931
0.17,0.87,0.68,31.8,0.936
0.17,0.87,0.67,31.8,0.936
0.16,0.87,0.67,31.8,0.945
0.16,0.87,0.68,31.8,0.954
0.16,0.87,0.67,31.8,0.954
0.19,0.89,0.69,31.8,0.963
0.16,0.89,0.71,31.6,0.969
0.15,0.86,0.67,31.8,0.972
0.15,0.89,0.67,31.8,0.981
0.15,0.87,0.67,31.8,0.99
0.16,0.88,0.68,31.8,0.996
0.15,0.88,0.67,31.6,1
0.13,0.89,0.67,31.8,1.008
0.15,0.87,0.67,31.8,1.008
0.15,0.88,0.67,31.6,1.018
0.15,0.88,0.67,31.8,1.018
0.15,0.88,0.67,31.8,1.024
0.15,0.88,0.68,31.8,1.027
0.15,0.88,0.67,31.6,1.03
0.16,0.83,0.63,31.8,1.034
0.15,0.89,0.69,31.8,1.037
0.14,0.88,0.66,31.8,1.037
0.15,0.88,0.68,31.8,1.034
0.15,0.87,0.66,31.8,1.043
0.14,0.88,0.68,31.8,1.04
0.15,0.88,0.67,31.8,1.04
0.17,0.86,0.65,31.8,1.046
0.14,0.89,0.69,31.8,1.043
0.15,0.87,0.66,31.6,1.043
0.14,0.88,0.68,31.8,1.037
0.14,0.88,0.66,31.8,1.037
0.14,0.88,0.67,31.8,1.034
0.14,0.88,0.66,31.6,1.037
0.14,0.88,0.66,31.8,1.034
0.14,0.88,0.67,31.6,1.034
0.14,0.87,0.67,31.6,1.034
0.14,0.88,0.67,31.8,1.024
0.13,0.88,0.66,31.6,1.024
0.15,0.88,0.66,31.8,1.02
0.14,0.88,0.67,31.8,1.024
0.15,0.89,0.66,31.8,1.018
0.11,0.88,0.68,31.8,1.018
0.11,0.87,0.64,31.6,1.008
0.13,0.9,0.66,31.8,1.008
0.13,0.89,0.64,31.8,1.008
0.13,0.89,0.66,31.8,1.002
0.13,0.89,0.66,31.6,1
0.13,0.89,0.65,31.8,0.996
0.13,0.9,0.65,31.8,0.996
0.13,0.89,0.65,31.6,0.996
0.13,0.89,0.65,31.8,0.99
0.13,0.89,0.65,31.8,0.99
0.13,0.89,0.65,31.8,0.99
0.13,0.89,0.66,31.8,0.987
0.13,0.89,0.65,31.6,0.99
0.12,0.89,0.66,31.8,0.99
0.13,0.89,0.65,31.8,0.984
0.13,0.89,0.65,31.8,0.981
0.12,0.89,0.64,31.8,0.987
0.13,0.89,0.66,31.6,0.99
0.12,0.89,0.65,31.6,0.987
0.12,0.89,0.65,31.8,0.987
0.12,0.89,0.65,31.8,0.987
0.12,0.89,0.66,31.8,0.981
0.13,0.89,0.65,31.6,0.987
0.13,0.9,0.65,31.8,0.981
0.12,0.9,0.65,31.8,0.984
0.13,0.89,0.65,31.8,0.984
0.12,0.89,0.66,31.8,0.981
0.13,0.9,0.65,31.8,0.978
0.12,0.89,0.65,31.8,0.978
0.13,0.89,0.65,31.8,0.981
0.12,0.9,0.65,31.8,0.981
0.12,0.89,0.64,31.8,0.975
0.12,0.9,0.65,31.8,0.975
0.11,0.89,0.64,31.6,0.978
0.12,0.9,0.64,31.8,0.972
0.12,0.89,0.64,31.8,0.972
0.12,0.9,0.65,31.6,0.972
0.12,0.89,0.64,31.8,0.972
0.12,0.9,0.65,31.8,0.969
0.12,0.9,0.65,31.8,0.969
0.12,0.9,0.65,31.8,0.969
0.12,0.89,0.65,31.8,0.969
0.12,0.9,0.65,31.8,0.963
0.11,0.89,0.64,31.6,0.96
0.12,0.9,0.63,31.8,0.96
0.12,0.9,0.64,31.6,0.96
0.12,0.9,0.64,31.8,0.96
0.11,0.9,0.65,31.8,0.96
0.12,0.9,0.64,31.8,0.96
0.12,0.89,0.65,31.8,0.96
0.12,0.9,0.64,31.6,0.954
0.12,0.9,0.64,31.8,0.954
0.12,0.9,0.64,31.8,0.954
0.12,0.89,0.64,31.8,0.948
0.11,0.9,0.65,31.8,0.945
0.12,0.9,0.65,31.8,0.945
0.12,0.89,0.64,31.8,0.945
0.11,0.9,0.64,31.8,0.942
0.12,0.9,0.65,31.6,0.945
0.12,0.9,0.66,31.8,0.942
0.11,0.89,0.63,31.8,0.939
0.12,0.89,0.65,31.8,0.942
0.12,0.89,0.65,31.8,0.936
0.12,0.89,0.65,31.8,0.936
0.12,0.87,0.59,31.8,0.936
0.12,0.91,0.67,31.6,0.933
0.12,0.89,0.63,31.8,0.933
0.12,0.89,0.65,31.8,0.931
0.11,0.89,0.65,31.8,0.933
0.12,0.89,0.64,31.8,0.933
0.12,0.89,0.66,31.6,0.931
0.12,0.9,0.65,31.8,0.928
0.12,0.89,0.66,31.8,0.928
0.17,0.95,0.7,31.8,0.928
0.12,0.9,0.66,31.8,0.928
0.11,0.89,0.64,31.8,0.925
0.12,0.9,0.65,31.6,0.925
0.12,0.89,0.65,31.8,0.928
0.12,0.9,0.64,31.8,0.928
0.12,0.89,0.65,31.8,0.928
0.11,0.91,0.66,31.8,0.928
0.1,0.89,0.64,31.8,0.928
0.11,0.9,0.65,31.6,0.928
0.12,0.9,0.64,31.6,0.928
0.12,0.9,0.65,31.8,0.925
0.11,0.9,0.64,31.6,0.928
0.12,0.87,0.6,31.8,0.928
0.13,0.9,0.67,31.6,0.925
0.12,0.9,0.64,31.8,0.928
0.11,0.9,0.65,31.8,0.925
0.12,0.89,0.64,31.8,0.925
0.11,0.9,0.65,31.8,0.928
0.11,0.89,0.64,31.8,0.928
0.12,0.9,0.65,31.8,0.928
0.12,0.9,0.64,31.8,0.928
0.12,0.9,0.65,31.8,0.922
0.11,0.89,0.64,31.8,0.928
0.12,0.89,0.65,31.8,0.922
0.11,0.89,0.65,31.8,0.925
0.11,0.9,0.65,31.8,0.925
0.12,0.9,0.65,31.8,0.922
0.12,0.9,0.66,31.8,0.925
0.11,0.9,0.65,31.8,0.925
0.11,0.9,0.65,31.8,0.925
0.12,0.9,0.64,31.8,0.928
0.11,0.9,0.64,31.8,0.928
0.11,0.9,0.64,31.8,0.928
0.11,0.89,0.64,31.8,0.928
0.12,0.9,0.65,31.8,0.928
0.11,0.9,0.65,31.8,0.928
0.11,0.9,0.65,31.6,0.933
0.12,0.9,0.64,31.8,0.933
0.12,0.9,0.65,31.8,0.933
0.11,0.9,0.63,31.8,0.934
0.11,0.89,0.65,31.8,0.939
0.11,0.9,0.64,31.8,0.939
0.11,0.89,0.64,31.8,0.945
0.11,0.9,0.64,31.8,0.945
0.11,0.9,0.64,31.8,0.951
0.11,0.9,0.65,31.8,0.948
0.11,0.9,0.64,31.8,0.951
0.11,0.89,0.64,31.8,0.954
0.11,0.9,0.65,31.6,0.954
0.11,0.89,0.64,31.8,0.954
0.11,0.9,0.65,31.8,0.957
0.11,0.9,0.64,31.8,0.957
0.12,0.89,0.65,31.8,0.96
0.11,0.9,0.64,31.8,0.96
0.11,0.89,0.65,31.8,0.96
0.11,0.91,0.65,31.8,0.96
0.12,0.9,0.64,31.8,0.96
0.12,0.9,0.64,31.8,0.957
0.12,0.9,0.64,31.8,0.96
0.1,0.98,0.67,31.8,0.96
0.13,1.17,0.65,31.8,0.96
0.01,1.5,0.78,31.8,0.96
-0.1,1.31,0.57,31.6,0.96
-0.22,1.25,0.55,31.6,0.96
-0.4,0.87,0.5,31.8,0.963
-0.53,0.59,0.6,31.8,0.96
-0.62,0.24,0.58,31.8,0.96
-0.66,0.24,0.64,31.6,0.969
-0.7,0.18,0.58,31.8,0.969
-0.75,0.21,0.52,31.8,0.972
-0.76,0.35,0.55,31.8,0.981
-0.86,0.3,0.58,31.8,0.978
-0.88,0.47,0.64,31.8,0.99
-0.89,0.32,0.69,31.8,0.987
-0.89,0.24,0.61,31.8,0.99
-0.86,0.28,0.63,31.8,0.996
-0.87,0.29,0.61,31.8,1
-0.96,0.34,0.64,31.8,1.006
-0.88,0.18,0.58,31.8,1.008
-0.79,0.19,0.65,31.8,1.008
-0.8,0.26,0.57,31.8,1.014
-0.58,0.18,0.66,31.6,1.018
-0.72,-0.01,0.67,31.8,1.018
-0.74,0.4,0.52,31.8,1.018
-0.59,0.53,0.32,31.8,1.012
-0.68,0.52,0.56,31.8,1.018
-0.56,0.98,0.14,31.8,1.018
-0.28,1.29,0.1,31.8,1.018
-0.24,0.96,0.53,31.8,1.018
-0.02,1.34,0.35,31.8,1.018
-0.21,1.55,0.36,31.8,1.018
0.01,1.33,0.33,31.8,1.018
0.05,1.03,0.39,31.8,1.018
0,0.87,0.35,31.8,1.018
-0.03,0.93,0.33,31.8,1.018
0,1.03,0.3,31.8,1.012
0.02,1.06,0.37,31.8,1.018
0.01,0.96,0.37,31.8,1.014
0.01,1.02,0.4,31.8,1.008
0.02,0.99,0.36,31.8,1.008
0.01,1.01,0.36,31.8,1.006
0.11,1.51,0.37,31.8,1.006
-0.1,1.78,0.58,31.8,1.006
-0.09,1.66,0.63,31.8,1.006
-0.19,1.33,0.43,31.8,1.006
-0.48,0.59,0.26,31.8,1.006
-0.59,0.01,0.31,31.8,1.006
-0.7,-0.23,0.4,31.8,1.006
-0.77,-0.63,0.55,31.8,1.006
-0.79,-0.34,0.36,31.8,0.99
-0.79,-0.41,0.54,31.6,0.978
-0.7,-0.63,0.7,31.8,0.969
-0.75,-0.46,0.22,31.8,0.963
-0.71,-0.8,0.47,31.8,0.972
-0.75,-0.66,0.35,31.8,0.972
-0.65,-0.62,0.5,31.6,0.978
-0.68,-0.66,0.48,31.8,0.981
-0.75,-0.5,0.58,31.8,0.978
-0.7,-0.75,0.73,31.8,0.978
-0.74,-0.7,0.74,31.8,0.981
-0.8,-0.44,0.49,31.8,0.978
-0.78,-0.68,0.68,31.8,0.981
-0.88,-0.01,0.48,31.8,0.981
-0.85,-0.39,0.72,31.6,0.975
-0.9,-0.43,0.82,31.8,0.972
-0.74,-0.46,0.51,31.8,0.972
-0.78,-0.17,0.99,31.8,0.975
-0.84,-0.38,0.79,31.8,0.975
-0.79,-0.43,0.71,31.8,0.975
-0.77,-0.38,0.78,31.8,0.978
-0.81,-0.44,0.79,31.8,0.978
-0.82,-0.41,0.74,31.8,0.987
-0.75,-0.48,0.75,31.8,0.99
-0.79,-0.47,0.78,31.8,0.99
-0.82,-0.52,0.79,31.8,0.996
-0.79,-0.5,0.68,31.8,0.996
-0.68,-0.46,0.82,31.8,0.996
-0.76,-0.38,0.45,31.8,0.996
-0.66,-0.43,0.74,31.8,0.996
-0.71,-0.96,0.39,31.8,0.99
-0.66,-0.51,0.71,31.8,0.981
-0.69,-0.73,0.5,31.8,0.969
-0.69,-0.78,0.48,31.8,0.954
-0.7,-0.8,0.5,31.8,0.945
-0.61,-0.81,0.71,31.8,0.963
-0.63,-0.71,0.47,31.8,0.99
-0.57,-0.79,0.63,31.8,1.008
-0.59,-0.71,0.5,31.8,1.018
-0.61,-0.76,0.58,31.8,1.024
-0.61,-0.74,0.65,31.8,1.02
-0.61,-0.65,0.62,31.8,1.02
-0.72,-0.64,0.46,31.8,1.034
-0.67,-0.79,0.72,31.8,1.034
-0.75,-0.5,0.51,31.8,1.027
-0.81,-0.64,0.79,31.8,1.03
-0.76,-0.53,0.91,31.8,1.03
-0.77,-0.59,0.62,31.8,1.034
-0.72,-0.56,0.72,31.8,1.037
-0.73,-0.58,0.81,31.8,1.043
-0.76,-0.46,0.65,31.8,1.043
-0.71,-0.61,0.52,31.8,1.037
-0.68,-0.58,0.59,31.8,1.043
-0.68,-0.64,0.51,31.8,1.034
-0.75,-0.71,0.45,31.8,1.034
-0.78,-0.64,0.5,31.8,1.037
-0.79,-0.62,0.52,31.8,1.034
-0.94,-0.55,0.51,31.8,1.034
-1.05,-0.46,0.42,31.8,1.034
-0.94,-0.51,0.6,31.8,1.034
-0.84,-0.47,0.54,31.8,1.034
-0.87,-0.4,0.54,31.8,1.034
-0.83,-0.58,0.5,31.8,1.024
-0.77,-0.7,0.61,31.8,1.02
-0.67,-0.79,0.53,31.8,1.018
-0.59,-0.71,0.75,31.8,1.018
-0.66,-0.85,0.58,31.8,1
-0.69,-0.65,0.25,31.8,0.99
-0.65,-0.88,0.61,31.8,0.987
-0.69,-0.64,0.57,31.8,1.037
-0.64,-0.7,0.71,31.8,1.056
-0.59,-0.75,0.68,31.8,1.062
-0.53,-0.76,0.5,31.8,1.062
-0.66,-0.61,0.48,31.8,1.062
-0.61,-0.71,0.67,31.8,1.059
-0.53,-0.81,0.38,31.8,1.037
-0.73,-0.62,0.67,31.8,1.014
-0.46,-0.96,0.71,31.8,0.99
-0.57,-0.85,0.5,31.8,0.966
-0.59,-0.82,0.61,31.8,0.96
-0.6,-0.87,0.58,31.8,0.939
-0.6,-0.89,0.5,31.8,0.933
-0.64,-0.77,0.51,31.8,0.919
-0.58,-0.87,0.31,31.8,0.919
-0.59,-0.85,0.59,31.8,0.908
-0.57,-0.84,0.46,31.8,0.91
-0.61,-0.85,0.42,31.8,0.907
-0.6,-0.82,0.45,31.8,0.907
-0.57,-0.83,0.43,31.8,0.907
-0.59,-0.88,0.5,31.8,0.902
-0.58,-0.79,0.4,31.8,0.902
-0.6,-0.95,0.52,31.8,0.896
-0.65,-0.79,0.4,31.8,0.896
-0.62,-0.84,0.33,32,0.893
-0.63,-0.79,0.35,32,0.896
-0.57,-0.93,0.4,32,0.896
-0.64,-0.79,0.36,32,0.896
-0.62,-0.85,0.32,32,0.896
-0.61,-0.85,0.35,32,0.89
-0.63,-0.72,0.3,32,0.896
-0.6,-0.95,0.49,32,0.896
-0.6,-0.8,0.44,32,0.899
-0.58,-0.83,0.42,31.8,0.905
-0.69,-0.54,0.4,31.8,0.913
-0.58,-0.65,0.58,31.8,0.922
-0.6,-0.48,0.44,31.8,0.928
-0.89,-0.34,0.41,31.8,0.936
-0.85,-0.44,0.37,31.8,0.945
-0.85,-0.31,0.38,31.8,0.954
-1.07,-0.11,0.44,31.8,0.96
-0.83,0.03,0.26,31.8,0.969
-0.96,0,0.47,31.8,0.972
-0.9,0.51,0.25,31.8,0.981
-0.69,0.56,0.52,31.8,0.987
-0.53,0.21,0.47,31.8,0.984
-0.47,1.37,0.5,31.8,0.99
-0.33,1.23,0.47,31.8,0.99
-0.09,0.96,0.7,31.8,0.99
-0.22,2.31,0.87,31.8,0.987
0.04,0.75,0.21,31.8,0.99
0,1.05,0.54,31.8,0.99
0.03,0.95,0.46,31.8,0.99
0,1,0.5,31.8,0.99
0.01,0.97,0.47,31.8,0.99
0.02,1,0.47,31.8,0.99
0.02,1,0.48,31.8,0.99
0.02,1.01,0.44,31.8,0.99
0,1.14,0.45,31.8,0.99
-0.1,1.46,0.43,31.8,0.99
-0.27,1.91,0.53,31.8,0.996
-0.5,1.51,0.48,31.8,0.996
-0.58,0.6,0.42,31.8,0.996
-0.54,0.22,0.51,31.8,0.996
-0.56,0.19,0.37,31.8,0.996
-0.56,0.02,0.4,31.6,1
-0.62,-0.14,0.5,31.8,1
-0.84,-0.08,0.48,31.8,1
-0.88,0,0.72,31.8,1
-0.88,-0.13,0.62,31.8,0.996
-0.84,-0.02,0.67,31.8,1
-0.84,-0.19,0.7,31.8,0.996
-0.85,-0.23,0.56,31.8,0.996
-0.95,-0.17,0.58,31.8,0.996
-0.8,-0.18,0.6,31.8,0.996
-0.76,-0.21,0.39,31.8,0.996
-0.74,-0.15,0.51,31.8,0.996
-0.86,-0.14,0.57,31.8,0.996
-0.89,0.11,0.56,31.8,0.996
-0.79,0.58,0.44,31.8,0.996
-0.64,0.49,0.63,31.6,0.99
-0.58,0.94,0.54,31.8,0.99
-0.44,1.08,0.48,31.8,0.99
-0.36,0.91,0.64,31.8,0.99
-0.25,0.88,0.5,31.8,0.99
-0.05,1.1,0.58,31.8,0.99
0.01,0.94,0.53,31.8,0.99
0.06,1.68,0.94,31.8,0.99
0.06,0.77,0.46,31.8,0.99
0.1,0.95,0.7,31.8,0.99
0.06,0.97,0.59,31.8,0.99
0.06,0.9,0.63,31.8,0.99
0.07,0.92,0.65,31.8,0.99
0.08,0.92,0.61,31.8,0.987
0.09,0.91,0.62,31.8,0.99
0.06,0.91,0.64,31.8,0.987
0.09,0.9,0.64,31.8,0.99
0.08,0.92,0.62,31.8,0.99
0.09,0.9,0.64,31.8,0.99
0.09,0.91,0.64,31.8,0.99
0.1,0.89,0.64,31.8,0.99
0.09,0.91,0.67,31.8,0.987
0.08,0.88,0.65,31.8,0.99
0.1,0.89,0.66,31.8,0.99
0.08,0.88,0.66,31.8,0.99
0.12,0.87,0.7,31.8,0.996
0.12,0.87,0.73,31.8,0.996
0.13,0.86,0.72,31.8,1
0.11,0.86,0.72,31.8,1
0.11,0.86,0.71,31.8,1.006
0.07,0.85,0.72,31.8,1.008
0.07,0.84,0.72,31.8,1.008
0.1,0.85,0.72,31.8,1.018
0.12,0.85,0.73,31.8,1.018
0.1,0.85,0.74,31.8,1.018
0.12,0.84,0.73,31.8,1.018
0.13,0.85,0.74,31.8,1.014
0.14,0.83,0.75,31.8,1.024
0.12,0.84,0.76,31.8,1.027
0.13,0.82,0.76,31.8,1.03
0.13,0.84,0.75,31.8,1.037
0.12,0.82,0.76,31.8,1.037
0.14,0.83,0.76,31.8,1.046
0.12,0.83,0.74,31.8,1.046
0.12,0.84,0.75,31.8,1.053
0.1,0.84,0.72,31.8,1.052
0.11,0.86,0.73,31.8,1.059
0.1,0.85,0.73,31.8,1.072
0.11,0.85,0.74,31.8,1.075
0.11,0.85,0.74,31.8,1.075
0.1,0.85,0.73,31.8,1.072
0.11,0.85,0.73,31.8,1.085
0.12,0.85,0.74,31.8,1.085
0.11,0.84,0.75,31.8,1.085
0.09,0.84,0.74,31.8,1.085
0.11,0.84,0.72,31.8,1.085
0.11,0.85,0.75,31.8,1.085
0.11,0.84,0.73,31.8,1.085
0.11,0.84,0.74,31.8,1.085
0.11,0.84,0.74,31.8,1.091
0.12,0.84,0.75,31.8,1.091
0.11,0.83,0.76,31.8,1.088
0.11,0.84,0.75,31.8,1.091
0.12,0.83,0.75,31.8,1.091
0.13,0.83,0.76,31.8,1.091
0.12,0.84,0.75,31.8,1.085
0.12,0.83,0.75,31.8,1.085
0.12,0.83,0.75,31.8,1.085
0.12,0.84,0.75,31.8,1.085
0.11,0.84,0.74,31.8,1.085
0.11,0.84,0.75,31.8,1.085
0.11,0.85,0.73,31.8,1.085
0.11,0.84,0.74,31.8,1.085
0.11,0.84,0.74,31.8,1.085
0.11,0.84,0.74,31.8,1.085
0.11,0.84,0.74,31.8,1.085
0.12,0.85,0.75,31.8,1.075
0.11,0.84,0.74,31.8,1.075
0.11,0.84,0.74,31.8,1.075
0.11,0.84,0.75,31.8,1.075
0.12,0.84,0.74,31.8,1.075
0.11,0.84,0.75,31.8,1.072
0.12,0.84,0.74,31.8,1.075
0.12,0.84,0.75,31.8,1.075
0.11,0.84,0.74,31.8,1.075
0.11,0.84,0.74,31.8,1.072
0.11,0.84,0.74,31.8,1.072
0.12,0.84,0.74,31.8,1.062
0.11,0.84,0.74,31.8,1.065
0.11,0.84,0.74,31.8,1.068
0.12,0.84,0.75,31.8,1.065
0.12,0.84,0.74,31.8,1.065
0.11,0.84,0.74,31.8,1.065
0.11,0.84,0.74,31.8,1.062
0.11,0.84,0.74,31.8,1.062
0.11,0.84,0.75,31.8,1.062
0.11,0.84,0.75,31.8,1.062
0.11,0.84,0.74,31.8,1.062
0.12,0.84,0.75,31.8,1.056
0.11,0.84,0.75,31.8,1.056
0.12,0.84,0.75,31.8,1.053
0.12,0.84,0.75,31.8,1.053
0.12,0.84,0.74,31.8,1.053
0.11,0.84,0.74,31.8,1.053
0.11,0.84,0.75,31.8,1.046
0.12,0.84,0.74,31.8,1.046
0.11,0.84,0.73,31.8,1.046
0.12,0.84,0.74,31.8,1.046
0.11,0.85,0.73,31.8,1.046
0.11,0.84,0.73,31.8,1.043
0.12,0.84,0.75,31.8,1.043
0.11,0.84,0.73,31.8,1.037
0.11,0.85,0.74,31.8,1.037
0.11,0.84,0.74,31.8,1.037
0.11,0.84,0.75,31.8,1.037
0.11,0.84,0.75,31.8,1.034
0.11,0.84,0.75,31.8,1.037
0.11,0.84,0.75,31.8,1.03
0.11,0.84,0.74,31.8,1.034
0.11,0.84,0.74,31.8,1.027
0.12,0.84,0.74,31.8,1.027
0.11,0.84,0.75,31.8,1.024
0.11,0.85,0.74,31.8,1.024
0.11,0.84,0.74,31.8,1.027
0.11,0.85,0.74,31.8,1.024
0.11,0.84,0.74,31.8,1.024
0.11,0.84,0.74,31.8,1.024
0.12,0.84,0.75,31.8,1.024
0.11,0.84,0.74,31.8,1.024
0.11,0.84,0.74,31.8,1.024
0.11,0.84,0.74,31.8,1.018
0.11,0.84,0.74,31.8,1.024
0.12,0.84,0.75,31.8,1.024
0.11,0.85,0.74,31.8,1.024
0.11,0.84,0.75,31.8,1.024
0.11,0.84,0.74,31.8,1.024
0.11,0.84,0.74,31.8,1.024
0.11,0.85,0.75,31.8,1.024
0.11,0.84,0.74,31.8,1.027
0.11,0.84,0.75,31.8,1.034
0.11,0.84,0.74,31.8,1.037
0.11,0.84,0.75,31.8,1.037
0.11,0.84,0.73,31.8,1.046
0.11,0.84,0.74,31.8,1.046
0.11,0.84,0.75,31.8,1.046
0.12,0.84,0.73,31.8,1.053
0.11,0.84,0.74,31.8,1.056
0.12,0.84,0.74,31.8,1.059
0.12,0.84,0.74,31.8,1.065
0.11,0.84,0.74,31.8,1.065
0.11,0.84,0.74,31.8,1.072
0.11,0.84,0.73,31.8,1.072
0.11,0.84,0.74,31.8,1.075
0.11,0.84,0.74,31.8,1.075
0.11,0.84,0.74,31.8,1.075
0.11,0.84,0.75,31.8,1.085
0.11,0.84,0.74,31.8,1.078
0.11,0.84,0.75,31.8,1.085
0.11,0.84,0.74,31.8,1.085
0.12,0.84,0.74,31.8,1.085
0.11,0.84,0.74,31.8,1.085
0.11,0.84,0.75,31.8,1.085
0.12,0.84,0.74,31.8,1.085
0.11,0.84,0.74,31.8,1.078
0.11,0.84,0.74,31.8,1.075
0.11,0.84,0.74,31.8,1.082
0.11,0.84,0.75,31.8,1.075
0.11,0.84,0.75,31.8,1.075
0.11,0.84,0.74,31.8,1.075
0.11,0.84,0.75,31.8,1.072
0.12,0.84,0.75,31.8,1.072
0.11,0.84,0.75,31.8,1.065
0.11,0.84,0.75,31.8,1.065
0.12,0.84,0.75,31.8,1.062
0.11,0.84,0.75,31.8,1.062
0.12,0.84,0.74,31.8,1.056
0.12,0.84,0.74,31.8,1.053
0.12,0.84,0.75,31.8,1.049
0.12,0.83,0.74,31.8,1.053
0.12,0.84,0.75,31.8,1.053
0.11,0.83,0.74,31.8,1.046
0.12,0.84,0.75,31.8,1.043
0.12,0.84,0.74,31.8,1.037
0.12,0.84,0.75,31.8,1.037
0.12,0.84,0.75,31.8,1.037
0.11,0.84,0.75,31.8,1.037
0.11,0.84,0.74,31.8,1.037
0.12,0.84,0.76,31.8,1.027
0.12,0.83,0.75,31.8,1.027
0.12,0.84,0.75,31.8,1.024
0.12,0.82,0.76,31.8,1.024
0.12,0.83,0.75,31.8,1.024
0.12,0.83,0.76,31.8,1.018
0.12,0.83,0.76,31.8,1.018
0.12,0.83,0.76,31.8,1.014
0.13,0.83,0.77,31.8,1.018
0.12,0.83,0.76,31.8,1.018
0.12,0.83,0.75,31.8,1.018
0.13,0.83,0.76,31.8,1.012
0.13,0.82,0.76,31.8,1.008
0.12,0.83,0.75,31.8,1.008
0.12,0.83,0.76,31.8,1.008
0.12,0.83,0.75,31.8,1.008
0.12,0.83,0.75,31.8,1.006
0.11,0.83,0.75,31.8,1.008
0.12,0.83,0.75,31.8,1.006
0.12,0.83,0.76,31.8,1.006
0.12,0.83,0.75,31.8,1.006
0.12,0.83,0.75,31.8,1.002
0.12,0.84,0.75,31.8,1.002
0.13,0.83,0.75,31.8,1.006
0.13,0.83,0.76,31.8,1.006
0.12,0.83,0.75,31.8,1.002
0.12,0.83,0.76,31.8,1.006
0.12,0.83,0.76,31.8,1.006
0.12,0.83,0.76,31.8,1.006
0.12,0.83,0.76,31.8,1.006
0.11,0.83,0.76,31.8,1.008
0.13,0.83,0.76,31.8,1.008
0.11,0.83,0.75,31.8,1.008
0.12,0.83,0.74,31.8,1.008
0.12,0.83,0.76,31.8,1.012
0.13,0.83,0.76,31.8,1.008
0.12,0.83,0.76,31.8,1.006
0.12,0.84,0.76,31.8,1.008
0.12,0.83,0.75,31.8,1.008
0.13,0.83,0.76,31.8,1.014
0.12,0.84,0.76,31.8,1.008
0.12,0.83,0.75,31.8,1.006
0.12,0.83,0.76,31.8,1.014
0.12,0.83,0.76,31.8,1.008
0.12,0.83,0.75,31.8,1.012
0.12,0.83,0.75,31.8,1.008
0.13,0.83,0.76,31.8,1.008
0.12,0.83,0.76,31.8,1.006
0.11,0.84,0.74,31.8,1.008
0.12,0.83,0.75,31.8,1.008
0.12,0.84,0.75,31.8,1.008
0.12,0.83,0.75,31.8,1.008
0.12,0.84,0.75,31.8,1.008
0.12,0.83,0.75,31.8,1.008
0.12,0.83,0.76,31.8,1.006
0.11,0.84,0.76,31.8,1.006
0.12,0.84,0.75,31.8,1.006
0.12,0.84,0.76,31.8,1
0.12,0.83,0.75,31.8,1
0.12,0.84,0.75,31.8,1
0.11,0.83,0.75,31.8,0.996
0.12,0.83,0.75,31.8,1
0.12,0.83,0.75,31.8,1
0.12,0.83,0.75,31.8,0.996
0.12,0.83,0.76,31.8,0.993
0.12,0.84,0.75,31.8,0.996
0.12,0.84,0.74,31.8,0.996
0.12,0.84,0.75,31.8,0.99
0.12,0.83,0.75,31.8,0.996
0.12,0.83,0.75,31.8,0.99
0.11,0.84,0.74,31.8,0.99
0.12,0.83,0.75,31.8,0.99
0.12,0.84,0.75,31.8,0.99
0.12,0.83,0.75,31.8,0.99
0.12,0.84,0.76,31.8,0.99
0.11,0.84,0.75,31.8,0.99
0.12,0.83,0.75,31.8,0.987
0.12,0.83,0.76,31.8,0.99
0.12,0.83,0.74,31.8,0.99
0.12,0.83,0.76,31.8,0.987
0.11,0.83,0.75,31.8,0.99
0.11,0.84,0.75,31.8,0.99
0.12,0.84,0.74,31.8,0.99
0.12,0.84,0.75,31.8,0.99
0.11,0.82,0.75,31.8,0.99
0.11,0.84,0.74,31.8,0.987
0.15,0.85,0.74,31.8,0.99
0.1,0.8,0.75,31.8,0.99
0.1,0.87,0.73,31.8,0.987
0.1,0.83,0.73,31.8,0.99
0.12,0.86,0.75,31.8,0.99
0.13,0.83,0.73,31.8,0.99
0.12,0.84,0.75,31.8,0.99
0.12,0.83,0.75,31.8,0.99
0.12,0.84,0.74,31.8,0.996
0.13,0.83,0.74,31.8,0.99
0.14,0.84,0.75,31.8,0.996
0.11,0.84,0.74,31.8,0.996
0.13,0.84,0.75,31.8,0.987
0.14,0.82,0.75,31.8,0.99
0.15,0.83,0.76,31.8,0.99
0.15,0.83,0.75,31.8,0.99
0.15,0.83,0.75,31.8,0.99
0.14,0.83,0.75,31.8,0.99
0.15,0.83,0.75,31.8,0.99
0.13,0.83,0.75,31.8,0.99
0.14,0.83,0.76,31.8,0.99
0.14,0.84,0.75,31.8,0.99
0.13,0.84,0.73,31.8,0.99
0.14,0.83,0.76,31.8,0.99
0.12,0.83,0.74,31.8,0.99
0.14,0.83,0.74,31.8,0.99
0.12,0.83,0.75,31.8,0.99
0.13,0.83,0.75,31.8,0.99
0.13,0.84,0.73,31.8,0.99
0.13,0.84,0.75,31.8,0.99
0.13,0.83,0.77,31.8,0.99
0.13,0.84,0.75,31.8,0.99
0.12,0.84,0.74,31.8,0.99
0.12,0.83,0.75,31.8,0.99
0.13,0.84,0.76,31.8,0.996
0.12,0.84,0.74,31.8,0.996
0.12,0.84,0.75,31.8,0.996
0.11,0.84,0.76,31.8,1
0.12,0.84,0.73,31.8,1.008
0.12,0.84,0.74,31.8,1.008
0.11,0.84,0.75,31.8,1.014
0.12,0.84,0.74,31.8,1.018
0.11,0.84,0.73,31.8,1.024
0.12,0.84,0.75,31.8,1.027
0.11,0.84,0.74,31.8,1.037
0.11,0.84,0.74,31.8,1.046
0.11,0.84,0.74,31.8,1.046
0.11,0.84,0.74,31.8,1.053
0.12,0.84,0.75,31.8,1.056
0.11,0.84,0.74,31.8,1.062
0.11,0.84,0.74,31.8,1.065
0.11,0.85,0.74,31.8,1.068
0.12,0.84,0.73,31.8,1.075
0.1,0.85,0.74,31.8,1.075
0.12,0.84,0.71,31.8,1.078
0.09,0.86,0.74,31.8,1.085
0.11,0.85,0.73,31.8,1.085
0.1,0.86,0.74,31.8,1.085
0.11,0.84,0.73,31.8,1.085
0.08,0.85,0.75,31.8,1.085
0.11,0.85,0.71,31.8,1.081
0.1,0.85,0.75,31.8,1.085
0.1,0.85,0.73,31.8,1.085
0.1,0.85,0.73,31.8,1.085
0.1,0.85,0.73,31.8,1.085
0.1,0.85,0.73,31.8,1.085
0.1,0.84,0.73,31.8,1.085
0.1,0.85,0.73,31.8,1.085
0.1,0.85,0.73,31.8,1.075
0.11,0.85,0.73,31.8,1.075
0.1,0.85,0.74,31.8,1.075
0.11,0.85,0.74,31.8,1.075
0.11,0.85,0.74,31.8,1.075
0.11,0.85,0.74,31.8,1.072
0.1,0.85,0.73,31.8,1.065
0.1,0.84,0.73,31.8,1.065
0.11,0.85,0.73,31.8,1.062
0.11,0.85,0.74,31.8,1.062
0.1,0.84,0.75,31.8,1.059
0.1,0.85,0.73,31.8,1.049
0.11,0.84,0.74,31.8,1.053
0.1,0.85,0.74,31.8,1.053
0.11,0.84,0.73,31.8,1.046
0.11,0.84,0.74,31.8,1.046
0.11,0.85,0.73,31.8,1.046
0.1,0.85,0.74,31.8,1.04
0.1,0.85,0.74,31.8,1.037
0.11,0.84,0.74,31.8,1.037
0.11,0.85,0.74,31.8,1.034
0.11,0.85,0.74,31.8,1.03
0.11,0.84,0.75,31.8,1.034
0.11,0.84,0.75,31.8,1.027
0.11,0.84,0.75,31.8,1.024
0.11,0.84,0.75,31.8,1.024
0.11,0.84,0.73,31.8,1.024
0.11,0.84,0.74,31.8,1.024
0.11,0.84,0.74,31.8,1.018
0.11,0.84,0.75,31.8,1.014
0.12,0.84,0.74,31.8,1.018
0.11,0.84,0.74,31.8,1.018
0.11,0.84,0.75,31.8,1.018
0.11,0.84,0.74,31.8,1.014
0.11,0.85,0.75,31.8,1.014
0.11,0.85,0.74,31.8,1.008
0.11,0.84,0.75,31.8,1.008
0.11,0.84,0.74,31.8,1.008
0.12,0.84,0.75,31.8,1.006
0.11,0.84,0.75,31.8,1.006
0.11,0.84,0.74,31.8,1.002
0.11,0.84,0.75,31.8,1
0.11,0.84,0.74,31.8,1.002
0.11,0.84,0.75,31.8,1
0.11,0.84,0.75,31.8,1
0.12,0.84,0.75,31.8,1
0.12,0.84,0.75,31.8,0.993
0.11,0.84,0.75,31.8,0.996
0.12,0.83,0.75,31.8,1
0.11,0.84,0.75,31.8,0.996
0.11,0.84,0.75,31.8,0.996
0.12,0.84,0.75,31.8,0.996
0.11,0.84,0.74,31.8,1
0.12,0.84,0.75,31.8,0.99
0.11,0.84,0.74,31.8,0.996
0.12,0.84,0.75,31.8,0.996
0.11,0.84,0.76,31.8,0.993
0.12,0.84,0.74,31.8,0.996
0.12,0.84,0.76,31.8,0.99
0.12,0.84,0.75,31.8,0.996
0.12,0.84,0.74,31.8,0.987
0.11,0.84,0.75,31.8,0.99
0.12,0.83,0.74,31.8,0.99
0.11,0.84,0.75,31.8,0.99
0.11,0.84,0.74,31.8,0.99
0.11,0.84,0.75,31.8,0.99
0.15,0.99,0.81,31.8,0.99
0.24,1.59,1.04,31.8,0.99
0.03,1.73,1.13,31.8,0.99
-0.23,1.57,0.99,31.8,0.99
-0.34,0.92,0.57,31.8,0.99
-0.52,0.57,0.23,31.8,0.99
-0.5,0,0.36,31.8,0.981
-0.64,-0.42,0.05,31.8,0.96
-0.63,-0.5,0.12,31.8,0.916
-0.52,-0.49,0.01,31.8,0.873
-0.34,-0.84,0.17,31.8,0.851
-0.34,-0.83,0.27,31.8,0.848
-0.32,-0.89,0.49,31.8,0.851
-0.35,-0.95,0.24,31.8,0.862
-0.38,-0.98,0.67,31.8,0.884
-0.42,-0.86,0.27,31.8,0.899
-0.47,-0.95,0.26,31.8,0.922
-0.42,-1.01,0.39,31.8,0.936
-0.37,-0.92,0.16,31.8,0.933
-0.34,-0.92,0.36,31.8,0.933
-0.38,-0.95,0.42,31.8,0.925
-0.46,-0.81,0.42,31.8,0.928
-0.43,-1,0.41,31.8,0.928
-0.41,-0.9,0.68,31.8,0.928
-0.37,-0.86,0.45,31.8,0.928
-0.63,-0.87,0.25,31.8,0.936
-0.5,-0.98,0.45,31.8,0.984
-0.5,-0.8,0.33,31.8,1
-0.54,-0.81,0.3,31.8,1.006
-0.5,-0.91,0.45,31.8,1
-0.59,-0.83,0.47,31.8,0.996
-0.54,-0.9,0.38,31.8,0.996
-0.53,-0.92,0.38,31.8,0.99
-0.48,-0.98,0.5,31.8,0.99
-0.54,-0.84,0.31,31.8,0.984
-0.6,-0.69,0.55,31.8,0.969
-0.58,-0.79,0.69,31.8,0.942
-0.56,-0.95,0.66,31.8,0.928
-0.59,-0.68,0.5,31.8,0.925
-0.57,-0.84,0.77,31.8,0.913
-0.54,-0.78,0.45,31.8,0.916
-0.52,-0.73,0.72,31.8,0.907
-0.54,-0.81,0.48,31.8,0.902
-0.53,-0.79,0.58,31.8,0.893
-0.52,-0.85,0.57,31.8,0.873
-0.54,-0.78,0.62,31.8,0.865
-0.53,-0.87,0.59,31.8,0.848
-0.48,-0.87,0.52,31.8,0.831
-0.49,-0.78,0.5,31.8,0.818
-0.48,-0.87,0.5,31.8,0.799
-0.53,-0.91,0.59,31.8,0.786
-0.5,-0.84,0.52,31.8,0.778
-0.5,-0.83,0.59,31.8,0.767
-0.47,-0.84,0.55,31.8,0.762
-0.5,-0.85,0.5,31.8,0.762
-0.48,-0.85,0.56,31.8,0.762
-0.51,-0.85,0.53,31.8,0.767
-0.51,-0.87,0.56,31.8,0.767
-0.52,-0.82,0.52,31.8,0.767
-0.5,-0.86,0.55,31.8,0.762
-0.5,-0.84,0.53,31.8,0.762
-0.51,-0.84,0.52,31.8,0.765
-0.5,-0.84,0.5,31.8,0.765
-0.49,-0.86,0.53,31.8,0.767
-0.51,-0.84,0.53,31.8,0.77
-0.52,-0.83,0.5,31.8,0.775
-0.49,-0.85,0.53,31.8,0.775
-0.5,-0.86,0.55,31.8,0.773
-0.5,-0.86,0.53,31.8,0.778
-0.5,-0.85,0.51,31.6,0.778
-0.49,-0.86,0.53,31.8,0.791
-0.5,-0.85,0.51,31.8,0.791
-0.49,-0.85,0.5,31.8,0.791
-0.5,-0.87,0.53,31.8,0.791
-0.49,-0.85,0.51,31.8,0.799
-0.49,-0.86,0.51,31.8,0.802
-0.49,-0.86,0.53,31.8,0.802
-0.51,-0.86,0.53,31.8,0.807
-0.49,-0.85,0.54,31.8,0.805
-0.5,-0.86,0.51,31.8,0.81
-0.5,-0.85,0.52,31.8,0.81
-0.49,-0.86,0.52,31.8,0.815
-0.5,-0.86,0.5,31.8,0.818
-0.5,-0.86,0.53,31.8,0.818
-0.5,-0.86,0.53,31.8,0.823
-0.5,-0.85,0.51,31.8,0.823
-0.5,-0.86,0.52,31.8,0.826
-0.5,-0.86,0.54,31.8,0.826
-0.5,-0.83,0.51,31.8,0.834
-0.5,-0.86,0.53,31.8,0.834
-0.5,-0.84,0.51,31.8,0.843
-0.5,-0.84,0.52,31.8,0.843
-0.5,-0.87,0.52,31.8,0.848
-0.49,-0.86,0.52,31.8,0.851
-0.5,-0.86,0.53,31.8,0.851
-0.5,-0.84,0.52,31.8,0.856
-0.5,-0.85,0.52,31.8,0.859
-0.5,-0.85,0.53,31.8,0.865
-0.5,-0.85,0.53,31.8,0.865
-0.5,-0.85,0.52,31.8,0.868
-0.5,-0.85,0.53,31.8,0.868
-0.5,-0.85,0.52,31.8,0.868
-0.5,-0.86,0.53,31.8,0.868
-0.51,-0.85,0.52,31.8,0.873
-0.5,-0.85,0.53,31.8,0.873
-0.5,-0.85,0.52,31.8,0.873
-0.5,-0.85,0.53,31.8,0.873
-0.5,-0.85,0.53,31.8,0.873
-0.5,-0.84,0.52,31.8,0.873
-0.5,-0.85,0.52,31.8,0.873
-0.5,-0.85,0.53,31.8,0.873
-0.5,-0.85,0.53,31.8,0.873
-0.5,-0.84,0.52,31.8,0.873
-0.5,-0.85,0.53,31.8,0.873
-0.5,-0.85,0.52,31.8,0.873
-0.5,-0.85,0.53,31.8,0.873
-0.51,-0.84,0.52,31.8,0.873
-0.5,-0.85,0.54,31.8,0.87
-0.5,-0.84,0.52,31.8,0.873
-0.5,-0.85,0.53,31.8,0.873
-0.5,-0.86,0.53,31.8,0.868
-0.5,-0.85,0.53,31.8,0.873
-0.5,-0.85,0.53,32,0.873
-0.51,-0.84,0.54,32,0.87
-0.5,-0.85,0.53,32,0.87
-0.51,-0.84,0.53,32,0.87
-0.5,-0.85,0.54,32,0.87
-0.5,-0.85,0.53,32,0.87
-0.5,-0.86,0.53,32.2,0.87
-0.51,-0.85,0.53,32,0.87
-0.5,-0.85,0.55,32,0.87
-0.5,-0.85,0.53,31.8,0.868
-0.5,-0.85,0.54,31.8,0.868
-0.5,-0.84,0.54,31.8,0.868
-0.51,-0.85,0.53,31.8,0.868
-0.5,-0.84,0.54,31.8,0.868
-0.51,-0.84,0.54,31.8,0.868
-0.49,-0.85,0.54,31.8,0.868
-0.5,-0.85,0.53,31.8,0.865
-0.5,-0.84,0.54,31.8,0.865
-0.5,-0.85,0.53,31.8,0.865
-0.5,-0.85,0.54,31.8,0.865
-0.5,-0.84,0.52,31.8,0.859
-0.51,-0.84,0.54,31.8,0.859
-0.49,-0.85,0.54,31.8,0.856
-0.5,-0.86,0.53,31.8,0.859
-0.5,-0.84,0.53,31.8,0.856
-0.5,-0.84,0.54,31.8,0.856
-0.5,-0.84,0.53,31.8,0.851
-0.5,-0.85,0.54,31.8,0.851
-0.51,-0.84,0.54,31.8,0.848
-0.49,-0.85,0.54,31.8,0.848
-0.5,-0.85,0.53,31.8,0.848
-0.5,-0.84,0.53,31.8,0.843
-0.5,-0.84,0.53,31.8,0.843
-0.5,-0.84,0.53,31.8,0.843
-0.5,-0.85,0.53,31.8,0.843
-0.51,-0.84,0.55,31.8,0.843
-0.5,-0.83,0.53,31.8,0.843
-0.5,-0.84,0.53,31.8,0.843
-0.5,-0.84,0.54,31.8,0.843
-0.5,-0.84,0.53,31.8,0.843
-0.5,-0.85,0.54,31.8,0.837
-0.5,-0.85,0.54,31.8,0.84
-0.51,-0.84,0.55,31.8,0.834
-0.5,-0.84,0.53,31.8,0.834
-0.5,-0.84,0.54,31.8,0.829
-0.51,-0.83,0.54,31.8,0.834
-0.51,-0.83,0.53,31.8,0.831
-0.5,-0.87,0.55,31.8,0.834
-0.5,-0.86,0.54,31.8,0.837
-0.56,-0.79,0.47,31.8,0.843
-0.5,-0.83,0.51,31.8,0.856
-0.51,-0.79,0.51,31.8,0.859
-0.54,-0.85,0.59,31.8,0.859
-0.53,-0.82,0.56,31.8,0.856
-0.52,-0.85,0.59,31.8,0.851
-0.52,-0.8,0.56,31.8,0.848
-0.52,-0.82,0.54,31.8,0.848
-0.51,-0.84,0.56,31.8,0.848
-0.52,-0.82,0.55,31.8,0.851
-0.53,-0.82,0.55,31.8,0.851
-0.53,-0.82,0.59,31.8,0.845
-0.52,-0.82,0.58,31.8,0.851
-0.52,-0.82,0.56,31.8,0.848
-0.53,-0.82,0.57,31.8,0.848
-0.51,-0.81,0.55,31.8,0.843
-0.52,-0.82,0.58,31.8,0.848
-0.52,-0.81,0.57,31.8,0.843
-0.52,-0.82,0.56,31.8,0.834
-0.51,-0.81,0.58,31.8,0.834
-0.52,-0.83,0.57,31.8,0.826
-0.52,-0.82,0.58,31.8,0.826
-0.5,-0.83,0.58,31.8,0.826
-0.52,-0.83,0.6,31.8,0.826
-0.51,-0.81,0.52,31.8,0.826
-0.52,-0.84,0.57,31.8,0.823
-0.5,-0.83,0.56,31.8,0.823
-0.52,-0.83,0.56,31.8,0.823
-0.51,-0.82,0.57,31.8,0.818
-0.52,-0.83,0.58,31.8,0.818
-0.51,-0.83,0.57,31.8,0.818
-0.5,-0.84,0.55,31.8,0.813
-0.5,-0.84,0.56,31.8,0.81
-0.5,-0.82,0.58,31.8,0.81
-0.51,-0.84,0.53,31.8,0.807
-0.5,-0.8,0.57,31.8,0.799
-0.52,-0.84,0.55,31.8,0.791
-0.53,-0.85,0.58,31.8,0.786
-0.52,-0.82,0.54,31.8,0.778
-0.5,-0.85,0.58,31.8,0.778
-0.55,-0.75,0.47,31.8,0.775
-0.53,-0.87,0.59,31.8,0.775
-0.5,-0.81,0.53,31.8,0.77
-0.52,-0.83,0.57,31.8,0.767
-0.55,-0.82,0.54,31.8,0.767
-0.54,-0.85,0.52,31.8,0.767